Date,Unburned_Chlorophylla_mgL,Fire100_Chlorophylla_mgL
2020-01-02,1.36132622373285,1.36132622373285
2020-01-02,1.36132622373285,1.32953518542348
2020-01-02,1.32953518542348,1.36132622373285
2020-01-02,1.32953518542348,1.32953518542348
2020-01-03,1.47025502295352,1.47025402054329
2020-01-03,1.47025502295352,1.44300653746337
2020-01-03,1.44300653746337,1.47025402054329
2020-01-03,1.44300653746337,1.44300653746337
2020-01-04,1.55682814867364,1.55682690937011
2020-01-04,1.55682814867364,1.52844482463376
2020-01-04,1.52844482463376,1.55682690937011
2020-01-04,1.52844482463376,1.52844482463376
2020-01-05,1.65846296640502,1.65846296650455
2020-01-05,1.65846296640502,1.61498541255565
2020-01-05,1.61498541147455,1.65846296650455
2020-01-05,1.61498541147455,1.61498541255565
2020-01-06,1.74461458781433,1.74462112686214
2020-01-06,1.74461458781433,1.69758000886218
2020-01-06,1.69757024530896,1.74462112686214
2020-01-06,1.69757024530896,1.69758000886218
2020-01-07,1.82940375042151,1.82954771261697
2020-01-07,1.82940375042151,1.72546577096009
2020-01-07,1.725300521498,1.82954771261697
2020-01-07,1.725300521498,1.72546577096009
2020-01-08,1.6985050876465,1.81727084399641
2020-01-08,1.6985050876465,1.07006964209407
2020-01-08,1.06946496138183,1.81727084399641
2020-01-08,1.06946496138183,1.07006964209407
2020-01-09,1.147206630682,1.1500905411437
2020-01-09,1.147206630682,1.0712097799620800
2020-01-09,1.0685227348656,1.1500905411437
2020-01-09,1.0685227348656,1.0712097799620800
2020-01-10,1.14390038321253,1.14998966753701
2020-01-10,1.14390038321253,1.09178149302549
2020-01-10,1.08599720188924,1.14998966753701
2020-01-10,1.08599720188924,1.09178149302549
2020-01-11,1.15410092971179,1.16353131975558
2020-01-11,1.15410092971179,1.1088213669004
2020-01-11,1.09992733420771,1.16353131975558
2020-01-11,1.09992733420771,1.1088213669004
2020-01-12,1.16521601288581,1.17718721682148
2020-01-12,1.16521601288581,1.14749582568848
2020-01-12,1.13603752165305,1.17718721682148
2020-01-12,1.13603752165305,1.14749582568848
2020-01-13,1.23190133372207,1.25382856989884
2020-01-13,1.23190133372207,1.22644961069061
2020-01-13,1.21118942864008,1.25382856989884
2020-01-13,1.21118942864008,1.22644961069061
2020-01-14,1.28555677030132,1.32734673366983
2020-01-14,1.28555677030132,1.29692482882412
2020-01-14,1.28364161193963,1.32734673366983
2020-01-14,1.28364161193963,1.29692482882412
2020-01-15,1.08370725937418,1.2476015375478
2020-01-15,1.08370725937418,1.30445591492836
2020-01-15,1.28164568702642,1.2476015375478
2020-01-15,1.28164568702642,1.30445591492836
2020-01-16,1.25793266303976,1.21324380686094
2020-01-16,1.25793266303976,1.25978891835078
2020-01-16,1.23253859287206,1.21324380686094
2020-01-16,1.23253859287206,1.25978891835078
2020-01-17,1.09732272299703,1.13859992567134
2020-01-17,1.09732272299703,0.691507343344827
2020-01-17,0.668936703303334,1.13859992567134
2020-01-17,0.668936703303334,0.691507343344827
2020-01-18,0.712262421054244,0.744127284978403
2020-01-18,0.712262421054244,0.69073456800453
2020-01-18,0.661122278439857,0.744127284978403
2020-01-18,0.661122278439857,0.69073456800453
2020-01-19,0.694943711526536,0.729648762849418
2020-01-19,0.694943711526536,0.670143964849015
2020-01-19,0.638233584978787,0.729648762849418
2020-01-19,0.638233584978787,0.670143964849015
2020-01-20,0.684164408809166,0.725577211259848
2020-01-20,0.684164408809166,0.680701199808878
2020-01-20,0.641811950725421,0.725577211259848
2020-01-20,0.641811950725421,0.680701199808878
2020-01-21,0.686909662250607,0.736337858507235
2020-01-21,0.686909662250607,0.702654427227872
2020-01-21,0.655500729824434,0.736337858507235
2020-01-21,0.655500729824434,0.702654427227872
2020-01-22,0.701736185135595,0.760768418018912
2020-01-22,0.701736185135595,0.712622795593099
2020-01-22,0.64247407390166,0.760768418018912
2020-01-22,0.64247407390166,0.712622795593099
2020-01-23,0.740485651094493,0.823868930297641
2020-01-23,0.740485651094493,0.711779739403114
2020-01-23,0.706115305147382,0.823868930297641
2020-01-23,0.706115305147382,0.711779739403114
2020-01-24,0.793506884740333,0.902712379546549
2020-01-24,0.793506884740333,0.674538378554251
2020-01-24,0.655510921178226,0.902712379546549
2020-01-24,0.655510921178226,0.674538378554251
2020-01-25,0.778297011694978,0.867744567635413
2020-01-25,0.778297011694978,0.41803000500021
2020-01-25,0.385005850196165,0.867744567635413
2020-01-25,0.385005850196165,0.41803000500021
2020-01-26,0.70097893939786,0.763591992137557
2020-01-26,0.70097893939786,0.155930891857486
2020-01-26,0.185974453853967,0.763591992137557
2020-01-26,0.185974453853967,0.155930891857486
2020-01-27,0.354997728228161,0.756991953598016
2020-01-27,0.354997728228161,0.12522747774513
2020-01-27,0.132229571810379,0.756991953598016
2020-01-27,0.132229571810379,0.12522747774513
2020-01-28,0.163564000488919,0.167021707482302
2020-01-28,0.163564000488919,0.083542353499148
2020-01-28,0.110446028570359,0.167021707482302
2020-01-28,0.110446028570359,0.083542353499148
2020-01-29,0.196586471472587,0.166678512265722
2020-01-29,0.196586471472587,0.0857702130935939
2020-01-29,0.13144426003355,0.166678512265722
2020-01-29,0.13144426003355,0.0857702130935939
2020-01-30,0.243174074141774,0.295289291552712
2020-01-30,0.243174074141774,0.0994884272239683
2020-01-30,0.136010287960761,0.295289291552712
2020-01-30,0.136010287960761,0.0994884272239683
2020-01-31,0.240180317366469,0.376571536796534
2020-01-31,0.240180317366469,0.0782008076462898
2020-01-31,0.106549951984074,0.376571536796534
2020-01-31,0.106549951984074,0.0782008076462898
2020-02-01,0.393556927484024,0.463791800483168
2020-02-01,0.393556927484024,0.107732252900664
2020-02-01,0.0922590486122122,0.463791800483168
2020-02-01,0.0922590486122122,0.107732252900664
2020-02-02,0.361354723866695,0.470029362243146
2020-02-02,0.361354723866695,0.307937613688373
2020-02-02,0.244764075134096,0.470029362243146
2020-02-02,0.244764075134096,0.307937613688373
2020-02-03,0.333850513424939,0.409871846835248
2020-02-03,0.333850513424939,0.395299163021348
2020-02-03,0.322796679611331,0.409871846835248
2020-02-03,0.322796679611331,0.395299163021348
2020-02-04,0.354957129881949,0.441533550731471
2020-02-04,0.354957129881949,0.424768162803266
2020-02-04,0.341547351392787,0.441533550731471
2020-02-04,0.341547351392787,0.424768162803266
2020-02-05,0.375498499335054,0.461257078406372
2020-02-05,0.375498499335054,0.466676781105446
2020-02-05,0.369388010412903,0.461257078406372
2020-02-05,0.369388010412903,0.466676781105446
2020-02-06,0.403631727661442,0.524771799197038
2020-02-06,0.403631727661442,0.507446021518591
2020-02-06,0.397448664751038,0.524771799197038
2020-02-06,0.397448664751038,0.507446021518591
2020-02-07,0.30948997928,0.488582293244801
2020-02-07,0.30948997928,0.470645431661136
2020-02-07,0.36578186329538,0.488582293244801
2020-02-07,0.36578186329538,0.470645431661136
2020-02-08,0.339972939284678,0.436582304180258
2020-02-08,0.339972939284678,0.287271015223304
2020-02-08,0.229789332055238,0.436582304180258
2020-02-08,0.229789332055238,0.287271015223304
2020-02-09,0.229563262373138,0.296092363732151
2020-02-09,0.229563262373138,0.0707899822569913
2020-02-09,0.059208082345378,0.296092363732151
2020-02-09,0.059208082345378,0.0707899822569913
2020-02-10,0.207205131308224,0.28007618770356
2020-02-10,0.207205131308224,0.0436933298174501
2020-02-10,0.0410381264194405,0.28007618770356
2020-02-10,0.0410381264194405,0.0436933298174501
2020-02-11,0.187886639937229,0.172268936368749
2020-02-11,0.187886639937229,0.036
2020-02-11,0.036,0.172268936368749
2020-02-11,0.036,0.036
2020-02-12,0.0765402935682627,0.0940799603910901
2020-02-12,0.0765402935682627,0.118340127370284
2020-02-12,0.0946254979387825,0.0940799603910901
2020-02-12,0.0946254979387825,0.118340127370284
2020-02-13,0.0945626025936502,0.120251235282156
2020-02-13,0.0945626025936502,0.0925388558012841
2020-02-13,0.0723104034611231,0.120251235282156
2020-02-13,0.0723104034611231,0.0925388558012841
2020-02-14,0.0861789243504823,0.110933506387428
2020-02-14,0.0861789243504823,0.0898292947571607
2020-02-14,0.0718013803083964,0.110933506387428
2020-02-14,0.0718013803083964,0.0898292947571607
2020-02-15,0.0759451013264225,0.0974446426556605
2020-02-15,0.0759451013264225,0.0717347214202488
2020-02-15,0.0578817875574586,0.0974446426556605
2020-02-15,0.0578817875574586,0.0717347214202488
2020-02-16,0.073532749914572,0.0954720052585675
2020-02-16,0.073532749914572,0.0495906201975314
2020-02-16,0.0417448952042022,0.0954720052585675
2020-02-16,0.0417448952042022,0.0495906201975314
2020-02-17,0.068409706165772,0.0897198173958839
2020-02-17,0.068409706165772,0.0750721206042807
2020-02-17,0.0587786442394606,0.0897198173958839
2020-02-17,0.0587786442394606,0.0750721206042807
2020-02-18,0.0676427305842497,0.0904863958859778
2020-02-18,0.0676427305842497,0.0860598643692964
2020-02-18,0.0649981728675622,0.0904863958859778
2020-02-18,0.0649981728675622,0.0860598643692964
2020-02-19,0.0682146289701905,0.0931564181412888
2020-02-19,0.0682146289701905,0.0876823072466048
2020-02-19,0.0651380177488757,0.0931564181412888
2020-02-19,0.0651380177488757,0.0876823072466048
2020-02-20,0.0681729783895814,0.0945163785495082
2020-02-20,0.0681729783895814,0.0907517645854715
2020-02-20,0.0659992474563939,0.0945163785495082
2020-02-20,0.0659992474563939,0.0907517645854715
2020-02-21,0.0687702737299726,0.0967703391246437
2020-02-21,0.0687702737299726,0.0939691512775095
2020-02-21,0.0671259538603937,0.0967703391246437
2020-02-21,0.0671259538603937,0.0939691512775095
2020-02-22,0.0704775539535137,0.102043118831397
2020-02-22,0.0704775539535137,0.0992464825552468
2020-02-22,0.069133341957086,0.102043118831397
2020-02-22,0.069133341957086,0.0992464825552468
2020-02-23,0.0729248303353636,0.108374007006906
2020-02-23,0.0729248303353636,0.10549637574927
2020-02-23,0.0715891407901237,0.108374007006906
2020-02-23,0.0715891407901237,0.10549637574927
2020-02-24,0.0758155704428586,0.115935469064282
2020-02-24,0.0758155704428586,0.112341784943198
2020-02-24,0.0742103025254227,0.115935469064282
2020-02-24,0.0742103025254227,0.112341784943198
2020-02-25,0.0790407995488318,0.123722352120315
2020-02-25,0.0790407995488318,0.120033274814152
2020-02-25,0.0770625896009901,0.123722352120315
2020-02-25,0.0770625896009901,0.120033274814152
2020-02-26,0.0822034003167865,0.132525704699237
2020-02-26,0.0822034003167865,0.129838176781468
2020-02-26,0.080753043269626,0.132525704699237
2020-02-26,0.080753043269626,0.129838176781468
2020-02-27,0.0861519289816233,0.143429945302019
2020-02-27,0.0861519289816233,0.141671957326897
2020-02-27,0.0861597882250458,0.143429945302019
2020-02-27,0.0861597882250458,0.141671957326897
2020-02-28,0.0910497260444365,0.153751478874856
2020-02-28,0.0910497260444365,0.135383442443588
2020-02-28,0.0816885385952652,0.153751478874856
2020-02-28,0.0816885385952652,0.135383442443588
2020-02-29,0.0873488700489057,0.149805104962218
2020-02-29,0.0873488700489057,0.142351164179492
2020-02-29,0.0839712062559339,0.149805104962218
2020-02-29,0.0839712062559339,0.142351164179492
2020-03-01,0.0898251994556619,0.15743457156284
2020-03-01,0.0898251994556619,0.151634984441397
2020-03-01,0.0872054633819011,0.15743457156284
2020-03-01,0.0872054633819011,0.151634984441397
2020-03-02,0.09346446245892,0.168075524133459
2020-03-02,0.09346446245892,0.162807985808316
2020-03-02,0.0912321181413091,0.168075524133459
2020-03-02,0.0912321181413091,0.162807985808316
2020-03-03,0.0981598877948653,0.180780828510978
2020-03-03,0.0981598877948653,0.175282669511001
2020-03-03,0.0958680825253067,0.180780828510978
2020-03-03,0.0958680825253067,0.175282669511001
2020-03-04,0.104007473124579,0.196164199134353
2020-03-04,0.104007473124579,0.191555554476523
2020-03-04,0.10215028800783,0.196164199134353
2020-03-04,0.10215028800783,0.191555554476523
2020-03-05,0.110537611396675,0.214579204863823
2020-03-05,0.110537611396675,0.211410375413979
2020-03-05,0.109464691533911,0.214579204863823
2020-03-05,0.109464691533911,0.211410375413979
2020-03-06,0.118950014041205,0.236809986470397
2020-03-06,0.118950014041205,0.233275636767794
2020-03-06,0.11790950032498,0.236809986470397
2020-03-06,0.11790950032498,0.233275636767794
2020-03-07,0.128493355440084,0.261253950445872
2020-03-07,0.128493355440084,0.23416053274492
2020-03-07,0.116808763516377,0.261253950445872
2020-03-07,0.116808763516377,0.23416053274492
2020-03-08,0.127218481295958,0.262859387811739
2020-03-08,0.127218481295958,0.255994834296553
2020-03-08,0.12444679617962,0.262859387811739
2020-03-08,0.12444679617962,0.255994834296553
2020-03-09,0.135654172148744,0.287695344444637
2020-03-09,0.135654172148744,0.280188949220666
2020-03-09,0.132588403241832,0.287695344444637
2020-03-09,0.132588403241832,0.280188949220666
2020-03-10,0.145612333846056,0.316678085855452
2020-03-10,0.145612333846056,0.31096252211415
2020-03-10,0.14335332365757,0.316678085855452
2020-03-10,0.14335332365757,0.31096252211415
2020-03-11,0.157371610956913,0.352165022750331
2020-03-11,0.157371610956913,0.346481612051306
2020-03-11,0.155109464106272,0.352165022750331
2020-03-11,0.155109464106272,0.346481612051306
2020-03-12,0.172650067541076,0.396562314839885
2020-03-12,0.172650067541076,0.384424991373481
2020-03-12,0.166476248535638,0.396562314839885
2020-03-12,0.166476248535638,0.384424991373481
2020-03-13,0.186846857044465,0.440567729531618
2020-03-13,0.186846857044465,0.432178403404792
2020-03-13,0.182852993169451,0.440567729531618
2020-03-13,0.182852993169451,0.432178403404792
2020-03-14,0.205270456757701,0.508720449808721
2020-03-14,0.205270456757701,0.451836429032293
2020-03-14,0.192082532831964,0.508720449808721
2020-03-14,0.192082532831964,0.451836429032293
2020-03-15,0.209660312385432,0.509488439995047
2020-03-15,0.209660312385432,0.501697869409491
2020-03-15,0.205359971344294,0.509488439995047
2020-03-15,0.205359971344294,0.501697869409491
2020-03-16,0.227978897713562,0.570457009966165
2020-03-16,0.227978897713562,0.556755447616568
2020-03-16,0.223751896519155,0.570457009966165
2020-03-16,0.223751896519155,0.556755447616568
2020-03-17,0.247504002621054,0.621827392894166
2020-03-17,0.247504002621054,0.621697758865848
2020-03-17,0.244161151699031,0.621827392894166
2020-03-17,0.244161151699031,0.621697758865848
2020-03-18,0.274455347692966,0.714680778755557
2020-03-18,0.274455347692966,0.699792577076606
2020-03-18,0.269019026812239,0.714680778755557
2020-03-18,0.269019026812239,0.699792577076606
2020-03-19,0.302570740462669,0.808289233006362
2020-03-19,0.302570740462669,0.787418572382573
2020-03-19,0.297431854414728,0.808289233006362
2020-03-19,0.297431854414728,0.787418572382573
2020-03-20,0.339576019811044,0.902269339206076
2020-03-20,0.339576019811044,0.891152345055254
2020-03-20,0.327268804567467,0.902269339206076
2020-03-20,0.327268804567467,0.891152345055254
2020-03-21,0.330402767163739,1.031754693336
2020-03-21,0.330402767163739,1.00804474865529
2020-03-21,0.360815047417155,1.031754693336
2020-03-21,0.360815047417155,1.00804474865529
2020-03-22,0.349357302226019,0.702188396919574
2020-03-22,0.349357302226019,1.04645193536235
2020-03-22,0.337061871591864,0.702188396919574
2020-03-22,0.337061871591864,1.04645193536235
2020-03-23,0.37947773767944,1.19550122220502
2020-03-23,0.37947773767944,1.11520820524776
2020-03-23,0.371691834229786,1.19550122220502
2020-03-23,0.371691834229786,1.11520820524776
2020-03-24,0.406072269758291,0.792203155681304
2020-03-24,0.406072269758291,1.2355699546965
2020-03-24,0.392761912657791,0.792203155681304
2020-03-24,0.392761912657791,1.2355699546965
2020-03-25,0.44171156886937,1.41341522615728
2020-03-25,0.44171156886937,1.32274348527838
2020-03-25,0.429202577232964,1.41341522615728
2020-03-25,0.429202577232964,1.32274348527838
2020-03-26,0.445300425977502,1.47894262101602
2020-03-26,0.445300425977502,1.44224643319758
2020-03-26,0.462273773431048,1.47894262101602
2020-03-26,0.462273773431048,1.44224643319758
2020-03-27,0.431947207385717,1.4655228857201
2020-03-27,0.431947207385717,1.47525560630218
2020-03-27,0.455005492606933,1.4655228857201
2020-03-27,0.455005492606933,1.47525560630218
2020-03-28,0.495497635708836,1.66350815956209
2020-03-28,0.495497635708836,1.68323986350956
2020-03-28,0.495711401015613,1.66350815956209
2020-03-28,0.495711401015613,1.68323986350956
2020-03-29,0.538174077740634,1.85051760971064
2020-03-29,0.538174077740634,1.78679845803132
2020-03-29,0.479553133793357,1.85051760971064
2020-03-29,0.479553133793357,1.78679845803132
2020-03-30,0.437980216504931,1.48840712720949
2020-03-30,0.437980216504931,1.46486322292207
2020-03-30,0.425351107866114,1.48840712720949
2020-03-30,0.425351107866114,1.46486322292207
2020-03-31,0.474137851499671,1.66671932442984
2020-03-31,0.474137851499671,1.65675225427064
2020-03-31,0.469027160734033,1.66671932442984
2020-03-31,0.469027160734033,1.65675225427064
2020-04-01,0.513196155438492,1.81001724110545
2020-04-01,0.513196155438492,1.63765004437523
2020-04-01,0.467399620380228,1.81001724110545
2020-04-01,0.467399620380228,1.63765004437523
2020-04-02,0.478828437432276,1.5099505462836
2020-04-02,0.478828437432276,1.67954927041173
2020-04-02,0.456512858306526,1.5099505462836
2020-04-02,0.456512858306526,1.67954927041173
2020-04-03,0.453469849044266,1.71323890115156
2020-04-03,0.453469849044266,1.59903254611269
2020-04-03,0.42102248671784,1.71323890115156
2020-04-03,0.42102248671784,1.59903254611269
2020-04-04,0.464966990653804,1.79505423222144
2020-04-04,0.464966990653804,1.7195095773627
2020-04-04,0.450356793284883,1.79505423222144
2020-04-04,0.450356793284883,1.7195095773627
2020-04-05,0.500160771365872,1.9382331008143
2020-04-05,0.500160771365872,1.9284584571063
2020-04-05,0.494469644181481,1.9382331008143
2020-04-05,0.494469644181481,1.9284584571063
2020-04-06,0.552839213492305,2.16983368407947
2020-04-06,0.552839213492305,2.16823285778516
2020-04-06,0.543549128274443,2.16983368407947
2020-04-06,0.543549128274443,2.16823285778516
2020-04-07,0.606057773586892,2.45185379448629
2020-04-07,0.606057773586892,2.40160564922418
2020-04-07,0.575578259005355,2.45185379448629
2020-04-07,0.575578259005355,2.40160564922418
2020-04-08,0.647435103769843,2.74487660023656
2020-04-08,0.647435103769843,2.68659912942855
2020-04-08,0.633903428620657,2.74487660023656
2020-04-08,0.633903428620657,2.68659912942855
2020-04-09,0.717226492913952,3.02035127766815
2020-04-09,0.717226492913952,2.97050085787953
2020-04-09,0.699486875222536,3.02035127766815
2020-04-09,0.699486875222536,2.97050085787953
2020-04-10,0.766048303209248,3.22956278812638
2020-04-10,0.766048303209248,3.03951478018184
2020-04-10,0.708797593192863,3.22956278812638
2020-04-10,0.708797593192863,3.03951478018184
2020-04-11,0.771684149195637,0.615957667764406
2020-04-11,0.771684149195637,3.1350304333086
2020-04-11,0.745958389078582,0.615957667764406
2020-04-11,0.745958389078582,3.1350304333086
2020-04-12,0.834455360739091,3.54822642501549
2020-04-12,0.834455360739091,3.55038137879379
2020-04-12,0.830495893186366,3.54822642501549
2020-04-12,0.830495893186366,3.55038137879379
2020-04-13,0.8958481365836,3.52505870351385
2020-04-13,0.8958481365836,3.65934788524576
2020-04-13,0.851425574951902,3.52505870351385
2020-04-13,0.851425574951902,3.65934788524576
2020-04-14,0.955225257266231,4.10626978652059
2020-04-14,0.955225257266231,2.56521816712086
2020-04-14,0.669081078486278,4.10626978652059
2020-04-14,0.669081078486278,2.56521816712086
2020-04-15,0.703655950904402,0
2020-04-15,0.703655950904402,1.99646248208311
2020-04-15,0.48958886338343,0
2020-04-15,0.48958886338343,1.99646248208311
2020-04-16,0.542619667332798,2.25435226049083
2020-04-16,0.542619667332798,2.1917746304325
2020-04-16,0.525905221647505,2.25435226049083
2020-04-16,0.525905221647505,2.1917746304325
2020-04-17,0.576016861551221,2.42833621671534
2020-04-17,0.576016861551221,2.34786433070379
2020-04-17,0.540235422669145,2.42833621671534
2020-04-17,0.540235422669145,2.34786433070379
2020-04-18,0.54266360203188,2.54506395686711
2020-04-18,0.54266360203188,2.4079830634743
2020-04-18,0.516427091807143,2.54506395686711
2020-04-18,0.516427091807143,2.4079830634743
2020-04-19,0.565535725675093,2.62674269420256
2020-04-19,0.565535725675093,2.38830748440942
2020-04-19,0.529865434039531,2.62674269420256
2020-04-19,0.529865434039531,2.38830748440942
2020-04-20,0.579836948196968,2.68303749901972
2020-04-20,0.579836948196968,2.66379105514466
2020-04-20,0.568102599450178,2.68303749901972
2020-04-20,0.568102599450178,2.66379105514466
2020-04-21,0.617639360610428,2.92033601230788
2020-04-21,0.617639360610428,2.85757535735692
2020-04-21,0.604812451372485,2.92033601230788
2020-04-21,0.604812451372485,2.85757535735692
2020-04-22,0.634860065891325,3.0598136609358
2020-04-22,0.634860065891325,2.65685540545041
2020-04-22,0.559413085368828,3.0598136609358
2020-04-22,0.559413085368828,2.65685540545041
2020-04-23,0.613748373733058,2.97362176063123
2020-04-23,0.613748373733058,2.95667131908006
2020-04-23,0.600247024520767,2.97362176063123
2020-04-23,0.600247024520767,2.95667131908006
2020-04-24,0.627570203078448,3.21856021691136
2020-04-24,0.627570203078448,3.10534127759543
2020-04-24,0.617924197004561,3.21856021691136
2020-04-24,0.617924197004561,3.10534127759543
2020-04-25,0.670173837250468,3.47915335886441
2020-04-25,0.670173837250468,3.31227678562397
2020-04-25,0.635588141339636,3.47915335886441
2020-04-25,0.635588141339636,3.31227678562397
2020-04-26,0.683236342998785,1.30604667629997
2020-04-26,0.683236342998785,3.52990294500445
2020-04-26,0.664338646830721,1.30604667629997
2020-04-26,0.664338646830721,3.52990294500445
2020-04-27,0.238624382544482,3.92521792403805
2020-04-27,0.238624382544482,3.55905598946269
2020-04-27,0.659690047914596,3.92521792403805
2020-04-27,0.659690047914596,3.55905598946269
2020-04-28,0.62956137283155,3.3832838884806
2020-04-28,0.62956137283155,3.22648478301923
2020-04-28,0.587188572050424,3.3832838884806
2020-04-28,0.587188572050424,3.22648478301923
2020-04-29,0.638515084543023,3.59786691175181
2020-04-29,0.638515084543023,3.48780646805268
2020-04-29,0.623480866088185,3.59786691175181
2020-04-29,0.623480866088185,3.48780646805268
2020-04-30,0.644903702346652,3.88274575760128
2020-04-30,0.644903702346652,3.61702439123717
2020-04-30,0.597555823517704,3.88274575760128
2020-04-30,0.597555823517704,3.61702439123717
2020-05-01,0.649732169094538,0
2020-05-01,0.649732169094538,3.67369873749451
2020-05-01,0.610376928561844,0
2020-05-01,0.610376928561844,3.67369873749451
2020-05-02,0.599172762327392,3.74300908247965
2020-05-02,0.599172762327392,2.69965557803536
2020-05-02,0.455874406615227,3.74300908247965
2020-05-02,0.455874406615227,2.69965557803536
2020-05-03,0.484624010354438,2.97287349159926
2020-05-03,0.484624010354438,2.91775400234631
2020-05-03,0.468302111863556,2.97287349159926
2020-05-03,0.468302111863556,2.91775400234631
2020-05-04,0.497027810378742,3.14199530192466
2020-05-04,0.497027810378742,3.07622527382002
2020-05-04,0.490996034035083,3.14199530192466
2020-05-04,0.490996034035083,3.07622527382002
2020-05-05,0.23792178415947,3.09556794756716
2020-05-05,0.23792178415947,2.90923050335036
2020-05-05,0.469929398156207,3.09556794756716
2020-05-05,0.469929398156207,2.90923050335036
2020-05-06,0.204308100223601,3.08810861835368
2020-05-06,0.204308100223601,2.75315156275737
2020-05-06,0.420821073086524,3.08810861835368
2020-05-06,0.420821073086524,2.75315156275737
2020-05-07,0.421505603729,2.87357465027773
2020-05-07,0.421505603729,2.49673636565073
2020-05-07,0.368290867680377,2.87357465027773
2020-05-07,0.368290867680377,2.49673636565073
2020-05-08,0.387914616681321,2.72123028204003
2020-05-08,0.387914616681321,2.72977767064233
2020-05-08,0.38431759384701,2.72123028204003
2020-05-08,0.38431759384701,2.72977767064233
2020-05-09,0.406537229825664,2.91488299397898
2020-05-09,0.406537229825664,2.65841481079945
2020-05-09,0.365267989875789,2.91488299397898
2020-05-09,0.365267989875789,2.65841481079945
2020-05-10,0.387142873444224,2.89689461675571
2020-05-10,0.387142873444224,2.89917476466636
2020-05-10,0.375030893057124,2.89689461675571
2020-05-10,0.375030893057124,2.89917476466636
2020-05-11,0.398112683269698,3.15906791142866
2020-05-11,0.398112683269698,3.05876164658623
2020-05-11,0.394303433577496,3.15906791142866
2020-05-11,0.394303433577496,3.05876164658623
2020-05-12,0.417946075231612,3.33523795736075
2020-05-12,0.417946075231612,3.3446316678895
2020-05-12,0.40274293281596,3.33523795736075
2020-05-12,0.40274293281596,3.3446316678895
2020-05-13,0.425494731853589,3.53847711917353
2020-05-13,0.425494731853589,3.51720480103826
2020-05-13,0.42589403857765,3.53847711917353
2020-05-13,0.42589403857765,3.51720480103826
2020-05-14,0.45299854262701,3.84645231629342
2020-05-14,0.45299854262701,3.86957523833981
2020-05-14,0.456058159107018,3.84645231629342
2020-05-14,0.456058159107018,3.86957523833981
2020-05-15,0.493076400590516,4.27551030124246
2020-05-15,0.493076400590516,4.12645899425402
2020-05-15,0.478302141365991,4.27551030124246
2020-05-15,0.478302141365991,4.12645899425402
2020-05-16,0.505265640567108,4.47165403929841
2020-05-16,0.505265640567108,4.42332024272119
2020-05-16,0.496641076321754,4.47165403929841
2020-05-16,0.496641076321754,4.42332024272119
2020-05-17,0.120101585266146,1.78522278837423
2020-05-17,0.120101585266146,4.68580754491141
2020-05-17,0.516335610569339,1.78522278837423
2020-05-17,0.516335610569339,4.68580754491141
2020-05-18,0.545911499915221,1.31845135659017
2020-05-18,0.545911499915221,4.90654551549307
2020-05-18,0.537808619530916,1.31845135659017
2020-05-18,0.537808619530916,4.90654551549307
2020-05-19,0.557095641651131,5.21940152823735
2020-05-19,0.557095641651131,5.00077713583838
2020-05-19,0.538077292774601,5.21940152823735
2020-05-19,0.538077292774601,5.00077713583838
2020-05-20,0,5.09613372594659
2020-05-20,0,3.93795708806317
2020-05-20,0.435579195213185,5.09613372594659
2020-05-20,0.435579195213185,3.93795708806317
2020-05-21,0.383582541891125,0
2020-05-21,0.383582541891125,2.62809988893133
2020-05-21,0.290756287531162,0
2020-05-21,0.290756287531162,2.62809988893133
2020-05-22,0.275197032723975,2.38198753841924
2020-05-22,0.275197032723975,2.22741734316364
2020-05-22,0.239758336614712,2.38198753841924
2020-05-22,0.239758336614712,2.22741734316364
2020-05-23,0,0
2020-05-23,0,1.96110368827768
2020-05-23,0.21079784327638,0
2020-05-23,0.21079784327638,1.96110368827768
2020-05-24,0.203136540081682,1.67575341704042
2020-05-24,0.203136540081682,1.75281894308666
2020-05-24,0.182518213133964,1.67575341704042
2020-05-24,0.182518213133964,1.75281894308666
2020-05-25,0,0
2020-05-25,0,1.58889064869598
2020-05-25,0.167216770994068,0
2020-05-25,0.167216770994068,1.58889064869598
2020-05-26,0.101978908783235,1.6438279442125
2020-05-26,0.101978908783235,1.48695180513268
2020-05-26,0.154418874243982,1.6438279442125
2020-05-26,0.154418874243982,1.48695180513268
2020-05-27,0.157530117049042,1.55107899118101
2020-05-27,0.157530117049042,1.47941023583428
2020-05-27,0.150481907971644,1.55107899118101
2020-05-27,0.150481907971644,1.47941023583428
2020-05-28,0.153632627859412,1.55285578794023
2020-05-28,0.153632627859412,1.32953864875218
2020-05-28,0.132807827218201,1.55285578794023
2020-05-28,0.132807827218201,1.32953864875218
2020-05-29,0.0818044909576614,1.37313096262769
2020-05-29,0.0818044909576614,1.35344308957403
2020-05-29,0.131952289824033,1.37313096262769
2020-05-29,0.131952289824033,1.35344308957403
2020-05-30,0.129475149793976,0
2020-05-30,0.129475149793976,1.29289848695173
2020-05-30,0.125761515371052,0
2020-05-30,0.125761515371052,1.29289848695173
2020-05-31,0.124017687090751,1.3024777897393
2020-05-31,0.124017687090751,1.13720361245717
2020-05-31,0.107707243325843,1.3024777897393
2020-05-31,0.107707243325843,1.13720361245717
2020-06-01,0.109480055270508,0.418452265979965
2020-06-01,0.109480055270508,1.02084739655773
2020-06-01,0.0947511579004009,0.418452265979965
2020-06-01,0.0947511579004009,1.02084739655773
2020-06-02,0.0965310842990059,0.338712451852369
2020-06-02,0.0965310842990059,1.05531531390407
2020-06-02,0.0952079404263191,0.338712451852369
2020-06-02,0.0952079404263191,1.05531531390407
2020-06-03,0.0969691119608808,1.09995974536237
2020-06-03,0.0969691119608808,1.11570083612759
2020-06-03,0.0981282920090939,1.09995974536237
2020-06-03,0.0981282920090939,1.11570083612759
2020-06-04,0.102207837213162,1.1688460598754
2020-06-04,0.102207837213162,1.17504258479369
2020-06-04,0.1014737244355,1.1688460598754
2020-06-04,0.1014737244355,1.17504258479369
2020-06-05,0.0278484164835592,1.23008009138049
2020-06-05,0.0278484164835592,1.22492667696389
2020-06-05,0.104134955384719,1.23008009138049
2020-06-05,0.104134955384719,1.22492667696389
2020-06-06,0.103682167186387,1.23234367393617
2020-06-06,0.103682167186387,1.24114878236873
2020-06-06,0.104807726872835,1.23234367393617
2020-06-06,0.104807726872835,1.24114878236873
2020-06-07,0.107835228107916,1.27492612142309
2020-06-07,0.107835228107916,1.23146599910885
2020-06-07,0.103406052419092,1.27492612142309
2020-06-07,0.103406052419092,1.23146599910885
2020-06-08,0.106656632416022,0.406895566252227
2020-06-08,0.106656632416022,1.21661321517173
2020-06-08,0.1047559658886,0.406895566252227
2020-06-08,0.1047559658886,1.21661321517173
2020-06-09,0.107952349664706,1.26160004855684
2020-06-09,0.107952349664706,1.26430706489321
2020-06-09,0.106752321284135,1.26160004855684
2020-06-09,0.106752321284135,1.26430706489321
2020-06-10,0.110700574841483,1.3207982250994
2020-06-10,0.110700574841483,1.30324901577575
2020-06-10,0.109446316556477,1.3207982250994
2020-06-10,0.109446316556477,1.30324901577575
2020-06-11,0.113793021927057,1.35767264925847
2020-06-11,0.113793021927057,1.32354062405963
2020-06-11,0.110303419729115,1.35767264925847
2020-06-11,0.110303419729115,1.32354062405963
2020-06-12,0.0235461413169861,1.37645169154323
2020-06-12,0.0235461413169861,1.3051049290346
2020-06-12,0.10746027102158,1.37645169154323
2020-06-12,0.10746027102158,1.3051049290346
2020-06-13,0.112334092336268,1.37413065306208
2020-06-13,0.112334092336268,1.33097712304352
2020-06-13,0.108071546910867,1.37413065306208
2020-06-13,0.108071546910867,1.33097712304352
2020-06-14,0.11351209810302,1.41203091204767
2020-06-14,0.11351209810302,1.39788196247366
2020-06-14,0.112281498139031,1.41203091204767
2020-06-14,0.112281498139031,1.39788196247366
2020-06-15,0.118715764631708,0.370563687289702
2020-06-15,0.118715764631708,1.40200715825971
2020-06-15,0.114993157849657,0.370563687289702
2020-06-15,0.114993157849657,1.40200715825971
2020-06-16,0,1.48145222413417
2020-06-16,0,1.29201733759145
2020-06-16,0.105633793636041,1.48145222413417
2020-06-16,0.105633793636041,1.29201733759145
2020-06-17,0.0629383914419943,1.25479266888921
2020-06-17,0.0629383914419943,1.00267798484144
2020-06-17,0.0848619384565812,1.25479266888921
2020-06-17,0.0848619384565812,1.00267798484144
2020-06-18,0,0
2020-06-18,0,0.838503482116179
2020-06-18,0.0744730964260683,0
2020-06-18,0.0744730964260683,0.838503482116179
2020-06-19,0.0725877187995388,0.817567379626883
2020-06-19,0.0725877187995388,0.73494326356983
2020-06-19,0.068501033800587,0.817567379626883
2020-06-19,0.068501033800587,0.73494326356983
2020-06-20,0,0
2020-06-20,0,0.648807486207859
2020-06-20,0.06367590360034,0
2020-06-20,0.06367590360034,0.648807486207859
2020-06-21,0.0641607265424371,0.394831465190242
2020-06-21,0.0641607265424371,0.618866924411397
2020-06-21,0.0621440880539178,0.394831465190242
2020-06-21,0.0621440880539178,0.618866924411397
2020-06-22,0.0277906023535335,0.254671018564653
2020-06-22,0.0277906023535335,0.632846223150102
2020-06-22,0.0617405746922891,0.254671018564653
2020-06-22,0.0617405746922891,0.632846223150102
2020-06-23,0.00390004852673678,0
2020-06-23,0.00390004852673678,0.602482276760386
2020-06-23,0.0613805498401607,0
2020-06-23,0.0613805498401607,0.602482276760386
2020-06-24,0.0618589444069879,0.62065153893681
2020-06-24,0.0618589444069879,0.593898964524039
2020-06-24,0.0612524308582272,0.62065153893681
2020-06-24,0.0612524308582272,0.593898964524039
2020-06-25,0.0619057462941337,0.622823721681028
2020-06-25,0.0619057462941337,0.576498727396804
2020-06-25,0.060349931205731,0.622823721681028
2020-06-25,0.060349931205731,0.576498727396804
2020-06-26,0.0621769886854183,0.604748088490405
2020-06-26,0.0621769886854183,0.56418667334768
2020-06-26,0.0604856461833699,0.604748088490405
2020-06-26,0.0604856461833699,0.56418667334768
2020-06-27,0.0138714574633897,0.59610336672827
2020-06-27,0.0138714574633897,0.568297906266906
2020-06-27,0.061416001558503,0.59610336672827
2020-06-27,0.061416001558503,0.568297906266906
2020-06-28,0.062038742280424,0.587356601275188
2020-06-28,0.062038742280424,0.601130615668974
2020-06-28,0.0631733345405859,0.587356601275188
2020-06-28,0.0631733345405859,0.601130615668974
2020-06-29,0.0660792431209969,0.63663699767701
2020-06-29,0.0660792431209969,0.614565945716491
2020-06-29,0.0637598656294799,0.63663699767701
2020-06-29,0.0637598656294799,0.614565945716491
2020-06-30,0.067333644185634,0.645550609283237
2020-06-30,0.067333644185634,0.650688148162469
2020-06-30,0.0668792544672047,0.645550609283237
2020-06-30,0.0668792544672047,0.650688148162469
2020-07-01,0.0702116817118651,0.686228069345312
2020-07-01,0.0702116817118651,0.689887332964422
2020-07-01,0.0703883850782108,0.686228069345312
2020-07-01,0.0703883850782108,0.689887332964422
2020-07-02,0.074161110942354,0.723651126339158
2020-07-02,0.074161110942354,0.729357911438502
2020-07-02,0.0743214915305271,0.723651126339158
2020-07-02,0.0743214915305271,0.729357911438502
2020-07-03,0.0790385943559437,0.766812952171256
2020-07-03,0.0790385943559437,0.758325990322433
2020-07-03,0.0788866589838262,0.766812952171256
2020-07-03,0.0788866589838262,0.758325990322433
2020-07-04,0.0834131055663922,0.806593840586177
2020-07-04,0.0834131055663922,0.800390663917595
2020-07-04,0.0836156947332357,0.806593840586177
2020-07-04,0.0836156947332357,0.800390663917595
2020-07-05,0.0893445682312978,0.838433126789464
2020-07-05,0.0893445682312978,0.844482630231009
2020-07-05,0.0897273155244672,0.838433126789464
2020-07-05,0.0897273155244672,0.844482630231009
2020-07-06,0.0959676592072539,0.878855843548303
2020-07-06,0.0959676592072539,0.889025310526192
2020-07-06,0.0969744992545225,0.878855843548303
2020-07-06,0.0969744992545225,0.889025310526192
2020-07-07,0.10482602378787,0.928814832383862
2020-07-07,0.10482602378787,0.931490478436863
2020-07-07,0.105197855855645,0.928814832383862
2020-07-07,0.105197855855645,0.931490478436863
2020-07-08,0.114437117628156,0.971561243690031
2020-07-08,0.114437117628156,0.97775500726406700
2020-07-08,0.115317633132669,0.971561243690031
2020-07-08,0.115317633132669,0.97775500726406700
2020-07-09,0.125872915283716,1.02309236064116
2020-07-09,0.125872915283716,1.02588690162209
2020-07-09,0.12726325086371,1.02309236064116
2020-07-09,0.12726325086371,1.02588690162209
2020-07-10,0.140135470501027,1.07533283772864
2020-07-10,0.140135470501027,1.07492449384379
2020-07-10,0.140591070950537,1.07533283772864
2020-07-10,0.140591070950537,1.07492449384379
2020-07-11,0.156262005846218,1.13134895030503
2020-07-11,0.156262005846218,1.13126321000619
2020-07-11,0.156647872416586,1.13134895030503
2020-07-11,0.156647872416586,1.13126321000619
2020-07-12,0.176174092617332,1.20542990698666
2020-07-12,0.176174092617332,1.18657040623094
2020-07-12,0.176151699986678,1.20542990698666
2020-07-12,0.176151699986678,1.18657040623094
2020-07-13,0.200239630514254,1.2794466829663
2020-07-13,0.200239630514254,1.25434157209173
2020-07-13,0.19710902470071,1.2794466829663
2020-07-13,0.19710902470071,1.25434157209173
2020-07-14,0.225017191989006,1.35483318960574
2020-07-14,0.225017191989006,1.32590077718988
2020-07-14,0.224386312722826,1.35483318960574
2020-07-14,0.224386312722826,1.32590077718988
2020-07-15,0.258112525196515,1.4503239211786
2020-07-15,0.258112525196515,1.44389431273973
2020-07-15,0.256121598302051,1.4503239211786
2020-07-15,0.256121598302051,1.44389431273973
2020-07-16,0.29563224129323,1.58219281151019
2020-07-16,0.29563224129323,1.5835608937192
2020-07-16,0.298666899897121,1.58219281151019
2020-07-16,0.298666899897121,1.5835608937192
2020-07-17,0.346033606909481,1.75366824685775
2020-07-17,0.346033606909481,1.74935312371935
2020-07-17,0.348248516119417,1.75366824685775
2020-07-17,0.348248516119417,1.74935312371935
2020-07-18,0.407460683621806,1.94838938685289
2020-07-18,0.407460683621806,1.95402150636185
2020-07-18,0.413431139640085,1.94838938685289
2020-07-18,0.413431139640085,1.95402150636185
2020-07-19,0.486092310803477,2.16015530777616
2020-07-19,0.486092310803477,2.16713568955886
2020-07-19,0.492585590166024,2.16015530777616
2020-07-19,0.492585590166024,2.16713568955886
2020-07-20,0.584605935603893,2.43650872193301
2020-07-20,0.584605935603893,2.44781174182651
2020-07-20,0.579140580912452,2.43650872193301
2020-07-20,0.579140580912452,2.44781174182651
2020-07-21,0.687727179274124,2.77665525821911
2020-07-21,0.687727179274124,2.78129801384231
2020-07-21,0.691534256936239,2.77665525821911
2020-07-21,0.691534256936239,2.78129801384231
2020-07-22,0.824350913187893,3.18609052174558
2020-07-22,0.824350913187893,3.12909755823609
2020-07-22,0.810215681537397,3.18609052174558
2020-07-22,0.810215681537397,3.12909755823609
2020-07-23,0.969915917235216,0.383039370565659
2020-07-23,0.969915917235216,3.39448808481049
2020-07-23,0.901683710721683,0.383039370565659
2020-07-23,0.901683710721683,3.39448808481049
2020-07-24,0,3.93206438141807
2020-07-24,0,3.74646929110131
2020-07-24,1.03252864073484,3.93206438141807
2020-07-24,1.03252864073484,3.74646929110131
2020-07-25,1.24016423284417,4.36911844786523
2020-07-25,1.24016423284417,4.12817622907505
2020-07-25,1.16938731709589,4.36911844786523
2020-07-25,1.16938731709589,4.12817622907505
2020-07-26,1.40431357321472,4.77417269490344
2020-07-26,1.40431357321472,4.65331774795423
2020-07-26,1.35268657472812,4.77417269490344
2020-07-26,1.35268657472812,4.65331774795423
2020-07-27,1.60300148200932,2.31455831347966
2020-07-27,1.60300148200932,5.06951978034418
2020-07-27,1.50702603382225,2.31455831347966
2020-07-27,1.50702603382225,5.06951978034418
2020-07-28,1.80562166182694,5.95264865237241
2020-07-28,1.80562166182694,5.59925771195354
2020-07-28,1.6852741166501,5.95264865237241
2020-07-28,1.6852741166501,5.59925771195354
2020-07-29,2.02666608704241,6.56425169809689
2020-07-29,2.02666608704241,6.43593410146388
2020-07-29,1.99724007364129,6.56425169809689
2020-07-29,1.99724007364129,6.43593410146388
2020-07-30,2.4014613825707,7.56566077396773
2020-07-30,2.4014613825707,7.46704440021986
2020-07-30,2.36772680288826,7.56566077396773
2020-07-30,2.36772680288826,7.46704440021986
2020-07-31,2.79386057228533,8.6704258135824
2020-07-31,2.79386057228533,7.98176526886991
2020-07-31,2.51889004042443,8.6704258135824
2020-07-31,2.51889004042443,7.98176526886991
2020-08-01,3.00424137205962,9.39042829204638
2020-08-01,3.00424137205962,8.9040019582776
2020-08-01,2.84268854567998,9.39042829204638
2020-08-01,2.84268854567998,8.9040019582776
2020-08-02,3.26202043611465,5.80931218215915
2020-08-02,3.26202043611465,9.17396156442764
2020-08-02,2.9415621460121,5.80931218215915
2020-08-02,2.9415621460121,9.17396156442764
2020-08-03,3.34437069021287,10.5117852687613
2020-08-03,3.34437069021287,9.87868712698197
2020-08-03,3.08062906716908,10.5117852687613
2020-08-03,3.08062906716908,9.87868712698197
2020-08-04,1.35747906638266,0
2020-08-04,1.35747906638266,9.31937962697964
2020-08-04,3.02159072819697,0
2020-08-04,3.02159072819697,9.31937962697964
2020-08-05,3.47042389981695,10.1973783192656
2020-08-05,3.47042389981695,9.74617689561394
2020-08-05,3.19825446328972,10.1973783192656
2020-08-05,3.19825446328972,9.74617689561394
2020-08-06,3.70482449397195,11.2051098880038
2020-08-06,3.70482449397195,10.7928857848259
2020-08-06,3.51638573450333,11.2051098880038
2020-08-06,3.51638573450333,10.7928857848259
2020-08-07,4.10653737836821,12.3857930061856
2020-08-07,4.10653737836821,11.833804715818
2020-08-07,3.90801001204095,12.3857930061856
2020-08-07,3.90801001204095,11.833804715818
2020-08-08,4.42064932185082,13.1847061273127
2020-08-08,4.42064932185082,12.3659106079901
2020-08-08,4.11273856371395,13.1847061273127
2020-08-08,4.11273856371395,12.3659106079901
2020-08-09,4.69328729194482,13.8056546680171
2020-08-09,4.69328729194482,13.0527295340262
2020-08-09,4.37303322300358,13.8056546680171
2020-08-09,4.37303322300358,13.0527295340262
2020-08-10,0.73559818056584,14.7294280516849
2020-08-10,0.73559818056584,14.3872836432788
2020-08-10,4.90387210413858,14.7294280516849
2020-08-10,4.90387210413858,14.3872836432788
2020-08-11,5.04879606279177,14.2462297873945
2020-08-11,5.04879606279177,14.7966343429043
2020-08-11,5.23432563058642,14.2462297873945
2020-08-11,5.23432563058642,14.7966343429043
2020-08-12,6.05785947229478,16.5527887002032
2020-08-12,6.05785947229478,16.2805451340615
2020-08-12,5.9466569274873,16.5527887002032
2020-08-12,5.9466569274873,16.2805451340615
2020-08-13,6.88150541709847,18.1721024863915
2020-08-13,6.88150541709847,17.8830197722156
2020-08-13,6.55546350162622,18.1721024863915
2020-08-13,6.55546350162622,17.8830197722156
2020-08-14,7.5111774617052,19.6271967134321
2020-08-14,7.5111774617052,18.9849968596568
2020-08-14,7.23621591781146,19.6271967134321
2020-08-14,7.23621591781146,18.9849968596568
2020-08-15,0,0
2020-08-15,0,18.168762388392
2020-08-15,7.17579598938933,0
2020-08-15,7.17579598938933,18.168762388392
2020-08-16,7.17420153681529,10.5066333570899
2020-08-16,7.17420153681529,13.0575261051965
2020-08-16,5.43082106523085,10.5066333570899
2020-08-16,5.43082106523085,13.0575261051965
2020-08-17,3.21208824562566,0
2020-08-17,3.21208824562566,11.5377232412911
2020-08-17,4.87756551826156,0
2020-08-17,4.87756551826156,11.5377232412911
2020-08-18,5.14230897575019,4.76318113148653
2020-08-18,5.14230897575019,11.1685952550481
2020-08-18,4.62910057401013,4.76318113148653
2020-08-18,4.62910057401013,11.1685952550481
2020-08-19,5.0097912379451,11.9028023894225
2020-08-19,5.0097912379451,10.96237800274
2020-08-19,4.56045804652355,11.9028023894225
2020-08-19,4.56045804652355,10.96237800274
2020-08-20,4.92941431469772,11.7031951216722
2020-08-20,4.92941431469772,11.2324390798314
2020-08-20,4.77800896885324,11.7031951216722
2020-08-20,4.77800896885324,11.2324390798314
2020-08-21,5.09398824989509,1.80677347666225
2020-08-21,5.09398824989509,11.673848445454
2020-08-21,4.99755113935325,1.80677347666225
2020-08-21,4.99755113935325,11.673848445454
2020-08-22,5.391998887157,12.3856146362178
2020-08-22,5.391998887157,11.3056020545694
2020-08-22,5.01056413248778,12.3856146362178
2020-08-22,5.01056413248778,11.3056020545694
2020-08-23,1.78086488442496,12.2794397072937
2020-08-23,1.78086488442496,11.8636374820907
2020-08-23,5.112649533098,12.2794397072937
2020-08-23,5.112649533098,11.8636374820907
2020-08-24,5.57426390276364,12.7968075536096
2020-08-24,5.57426390276364,12.5471541922735
2020-08-24,5.46581886007818,12.7968075536096
2020-08-24,5.46581886007818,12.5471541922735
2020-08-25,5.96762294698372,13.5025781474095
2020-08-25,5.96762294698372,12.9317521432848
2020-08-25,5.75493055082251,13.5025781474095
2020-08-25,5.75493055082251,12.9317521432848
2020-08-26,6.39318843847059,13.9898115638107
2020-08-26,6.39318843847059,13.4867564071908
2020-08-26,6.00123202825263,13.9898115638107
2020-08-26,6.00123202825263,13.4867564071908
2020-08-27,6.62851842659487,14.5373498687392
2020-08-27,6.62851842659487,14.4903888991796
2020-08-27,6.59119954360135,14.5373498687392
2020-08-27,6.59119954360135,14.4903888991796
2020-08-28,7.39597506680826,15.9146048939934
2020-08-28,7.39597506680826,15.6061699501141
2020-08-28,7.26632099505654,15.9146048939934
2020-08-28,7.26632099505654,15.6061699501141
2020-08-29,8.10709689705391,16.9137340385561
2020-08-29,8.10709689705391,16.7726019569923
2020-08-29,7.99986695249566,16.9137340385561
2020-08-29,7.99986695249566,16.7726019569923
2020-08-30,9.00173056545692,18.2110247541167
2020-08-30,9.00173056545692,17.7242093569015
2020-08-30,8.91446973603468,18.2110247541167
2020-08-30,8.91446973603468,17.7242093569015
2020-08-31,10.0360454652191,19.0695865977534
2020-08-31,10.0360454652191,18.8769647136466
2020-08-31,9.87219243521705,19.0695865977534
2020-08-31,9.87219243521705,18.8769647136466
2020-09-01,5.59630931387828,19.891953366614
2020-09-01,5.59630931387828,15.4554787777779
2020-09-01,8.1635408381272,19.891953366614
2020-09-01,8.1635408381272,15.4554787777779
2020-09-02,8.31590315129082,15.5618977589018
2020-09-02,8.31590315129082,14.1003828350559
2020-09-02,7.49163533220018,15.5618977589018
2020-09-02,7.49163533220018,14.1003828350559
2020-09-03,3.04358796038235,4.48612219474894
2020-09-03,3.04358796038235,14.3761894069981
2020-09-03,7.49717286278108,4.48612219474894
2020-09-03,7.49717286278108,14.3761894069981
2020-09-04,8.13878686439648,15.1644716315461
2020-09-04,8.13878686439648,14.3278232407787
2020-09-04,7.66753530820568,15.1644716315461
2020-09-04,7.66753530820568,14.3278232407787
2020-09-05,8.0654535579767,7.69823120882109
2020-09-05,8.0654535579767,10.5031816084049
2020-09-05,5.80578307413905,7.69823120882109
2020-09-05,5.80578307413905,10.5031816084049
2020-09-06,6.1851689729473,2.37197155456974
2020-09-06,6.1851689729473,10.2061771167402
2020-09-06,5.42612734666216,2.37197155456974
2020-09-06,5.42612734666216,10.2061771167402
2020-09-07,5.97360471022928,11.4792750297732
2020-09-07,5.97360471022928,11.0051230792999
2020-09-07,5.75243938484606,11.4792750297732
2020-09-07,5.75243938484606,11.0051230792999
2020-09-08,6.20193170415372,12.3927220119591
2020-09-08,6.20193170415372,11.8704471235135
2020-09-08,6.09728448195925,12.3927220119591
2020-09-08,6.09728448195925,11.8704471235135
2020-09-09,6.8654979238076,13.4766567889867
2020-09-09,6.8654979238076,13.1798233773477
2020-09-09,6.72709817210701,13.4766567889867
2020-09-09,6.72709817210701,13.1798233773477
2020-09-10,7.63133712242465,15.0392435392882
2020-09-10,7.63133712242465,14.6909213791124
2020-09-10,7.48285325539236,15.0392435392882
2020-09-10,7.48285325539236,14.6909213791124
2020-09-11,3.45632542105402,16.6812939587997
2020-09-11,3.45632542105402,16.2525696979718
2020-09-11,8.35609246763577,16.6812939587997
2020-09-11,8.35609246763577,16.2525696979718
2020-09-12,9.47920197014934,18.2600331568038
2020-09-12,9.47920197014934,17.8815517890919
2020-09-12,9.31470663886224,18.2600331568038
2020-09-12,9.31470663886224,17.8815517890919
2020-09-13,10.5882404919635,20.0432939846922
2020-09-13,10.5882404919635,18.796883972247
2020-09-13,9.96955401120265,20.0432939846922
2020-09-13,9.96955401120265,18.796883972247
2020-09-14,11.3998928019605,21.2707955080082
2020-09-14,11.3998928019605,20.4917641596293
2020-09-14,11.0864907324061,21.2707955080082
2020-09-14,11.0864907324061,20.4917641596293
2020-09-15,11.7607302646281,22.6865073923273
2020-09-15,11.7607302646281,21.563603975707
2020-09-15,12.1060802674702,22.6865073923273
2020-09-15,12.1060802674702,21.563603975707
2020-09-16,13.3487827155294,23.9514947165483
2020-09-16,13.3487827155294,21.1027117098579
2020-09-16,12.1078120522347,23.9514947165483
2020-09-16,12.1078120522347,21.1027117098579
2020-09-17,13.1643810847999,23.3878323273219
2020-09-17,13.1643810847999,22.0992271972815
2020-09-17,12.4237943311159,23.3878323273219
2020-09-17,12.4237943311159,22.0992271972815
2020-09-18,13.8812133817273,24.1580904936137
2020-09-18,13.8812133817273,21.8710694623113
2020-09-18,12.7000026931895,24.1580904936137
2020-09-18,12.7000026931895,21.8710694623113
2020-09-19,13.8746798527854,22.5933452563747
2020-09-19,13.8746798527854,21.2969229506647
2020-09-19,12.7132365727177,22.5933452563747
2020-09-19,12.7132365727177,21.2969229506647
2020-09-20,14.3973879229977,23.5753975164446
2020-09-20,14.3973879229977,22.4165910113182
2020-09-20,13.745443935595,23.5753975164446
2020-09-20,13.745443935595,22.4165910113182
2020-09-21,15.4794270439131,24.6695114426172
2020-09-21,15.4794270439131,23.4936271283625
2020-09-21,14.7391304272477,24.6695114426172
2020-09-21,14.7391304272477,23.4936271283625
2020-09-22,16.5809349627886,23.6678285979098
2020-09-22,16.5809349627886,24.8712548011763
2020-09-22,16.0022853554347,23.6678285979098
2020-09-22,16.0022853554347,24.8712548011763
2020-09-23,18.0949326575596,27.2894683099238
2020-09-23,18.0949326575596,26.8182795532822
2020-09-23,17.7526443309868,27.2894683099238
2020-09-23,17.7526443309868,26.8182795532822
2020-09-24,19.9102556106914,29.2403430969333
2020-09-24,19.9102556106914,28.9910981313752
2020-09-24,19.8175801274231,29.2403430969333
2020-09-24,19.8175801274231,28.9910981313752
2020-09-25,22.0985366082158,31.3354447080672
2020-09-25,22.0985366082158,30.8260315589521
2020-09-25,21.6913795276923,31.3354447080672
2020-09-25,21.6913795276923,30.8260315589521
2020-09-26,22.6131628415566,26.8930280971626
2020-09-26,22.6131628415566,30.3244025094748
2020-09-26,21.5698945450178,26.8930280971626
2020-09-26,21.5698945450178,30.3244025094748
2020-09-27,23.2435131482932,33.0899889140612
2020-09-27,23.2435131482932,31.4393617493692
2020-09-27,22.1514109878498,33.0899889140612
2020-09-27,22.1514109878498,31.4393617493692
2020-09-28,10.8425055661353,34.338914405647
2020-09-28,10.8425055661353,32.9966896009293
2020-09-28,23.1668121400352,34.338914405647
2020-09-28,23.1668121400352,32.9966896009293
2020-09-29,3.80038919102261,12.7451405089811
2020-09-29,3.80038919102261,34.7153308396805
2020-09-29,23.8794115385627,12.7451405089811
2020-09-29,23.8794115385627,34.7153308396805
2020-09-30,19.9933856336653,18.0287398553269
2020-09-30,19.9933856336653,24.855840218106
2020-09-30,17.2371585415388,18.0287398553269
2020-09-30,17.2371585415388,24.855840218106
2020-10-01,17.3556164371078,26.3635518631336
2020-10-01,17.3556164371078,22.4411568167596
2020-10-01,14.4496945972766,26.3635518631336
2020-10-01,14.4496945972766,22.4411568167596
2020-10-02,0,0
2020-10-02,0,20.9764618173596
2020-10-02,13.4229571751214,0
2020-10-02,13.4229571751214,20.9764618173596
2020-10-03,14.9412146015135,22.6825627038175
2020-10-03,14.9412146015135,19.5150947908694
2020-10-03,13.1189750488389,22.6825627038175
2020-10-03,13.1189750488389,19.5150947908694
2020-10-04,0,0
2020-10-04,0,20.1614734744584
2020-10-04,13.8239330647193,0
2020-10-04,13.8239330647193,20.1614734744584
2020-10-05,15.6475324377695,22.209110721432
2020-10-05,15.6475324377695,20.8150871475204
2020-10-05,14.4693446259679,22.209110721432
2020-10-05,14.4693446259679,20.8150871475204
2020-10-06,14.9370928931303,21.4756601061693
2020-10-06,14.9370928931303,20.1159284297176
2020-10-06,13.989666502993,21.4756601061693
2020-10-06,13.989666502993,20.1159284297176
2020-10-07,15.7178944916648,22.675298302484
2020-10-07,15.7178944916648,21.7991338989228
2020-10-07,15.2993129666198,22.675298302484
2020-10-07,15.2993129666198,21.7991338989228
2020-10-08,17.0904685997741,24.8002545434565
2020-10-08,17.0904685997741,24.4432820055633
2020-10-08,16.8312914367555,24.8002545434565
2020-10-08,16.8312914367555,24.4432820055633
2020-10-09,18.3580056065218,27.6595958442053
2020-10-09,18.3580056065218,26.7289744313182
2020-10-09,17.5311409901831,27.6595958442053
2020-10-09,17.5311409901831,26.7289744313182
2020-10-10,19.0690070894293,30.513705602905
2020-10-10,19.0690070894293,29.983557914187
2020-10-10,18.7623419369919,30.513705602905
2020-10-10,18.7623419369919,29.983557914187
2020-10-11,20.0813746027251,33.4451075420568
2020-10-11,20.0813746027251,32.196853086207
2020-10-11,19.3670672242151,33.4451075420568
2020-10-11,19.3670672242151,32.196853086207
2020-10-12,0,17.4802162161296
2020-10-12,0,32.287085389208
2020-10-12,18.416694844456,17.4802162161296
2020-10-12,18.416694844456,32.287085389208
2020-10-13,11.6360051794189,35.2465093908196
2020-10-13,11.6360051794189,33.3429972575335
2020-10-13,17.8714637308457,35.2465093908196
2020-10-13,17.8714637308457,33.3429972575335
2020-10-14,18.3254688631123,34.4360217649464
2020-10-14,18.3254688631123,23.5837089234152
2020-10-14,11.8259269220432,34.4360217649464
2020-10-14,11.8259269220432,23.5837089234152
2020-10-15,12.8555153822017,24.8272533549484
2020-10-15,12.8555153822017,23.5283188106207
2020-10-15,12.2141973433038,24.8272533549484
2020-10-15,12.2141973433038,23.5283188106207
2020-10-16,0,25.4703224071284
2020-10-16,0,20.7629460433666
2020-10-16,10.6688181467015,25.4703224071284
2020-10-16,10.6688181467015,20.7629460433666
2020-10-17,11.1545282391733,7.37829536018031
2020-10-17,11.1545282391733,19.0000386138158
2020-10-17,10.5626046790822,7.37829536018031
2020-10-17,10.5626046790822,19.0000386138158
2020-10-18,11.127507499492,20.3211420972865
2020-10-18,11.127507499492,19.384656074901
2020-10-18,10.6124401439328,20.3211420972865
2020-10-18,10.6124401439328,19.384656074901
2020-10-19,11.6335794037917,20.7485374063463
2020-10-19,11.6335794037917,20.2220536374333
2020-10-19,11.3574634224248,20.7485374063463
2020-10-19,11.3574634224248,20.2220536374333
2020-10-20,12.4390543463791,21.5914297042677
2020-10-20,12.4390543463791,21.1896122483258
2020-10-20,12.2202225149108,21.5914297042677
2020-10-20,12.2202225149108,21.1896122483258
2020-10-21,13.4047021954557,22.5967999211257
2020-10-21,13.4047021954557,22.2957959135356
2020-10-21,13.1567652688972,22.5967999211257
2020-10-21,13.1567652688972,22.2957959135356
2020-10-22,14.2591376891393,23.9556647196123
2020-10-22,14.2591376891393,23.5438048508444
2020-10-22,14.0920594543578,23.9556647196123
2020-10-22,14.0920594543578,23.5438048508444
2020-10-23,15.2613124333031,25.1135901207378
2020-10-23,15.2613124333031,24.8129973358858
2020-10-23,14.9765402066505,25.1135901207378
2020-10-23,14.9765402066505,24.8129973358858
2020-10-24,15.9542379129515,26.6043114334604
2020-10-24,15.9542379129515,26.0314232687922
2020-10-24,15.7973684305621,26.6043114334604
2020-10-24,15.7973684305621,26.0314232687922
2020-10-25,16.7715576352844,27.9159255237526
2020-10-25,16.7715576352844,26.9498998595871
2020-10-25,16.207538777905,27.9159255237526
2020-10-25,16.207538777905,26.9498998595871
2020-10-26,17.0602863757518,28.6044527244963
2020-10-26,17.0602863757518,26.1311808956253
2020-10-26,15.8638105658632,28.6044527244963
2020-10-26,15.8638105658632,26.1311808956253
2020-10-27,16.5594650385339,26.7550518714154
2020-10-27,16.5594650385339,24.8892458992898
2020-10-27,15.7696059725371,26.7550518714154
2020-10-27,15.7696059725371,24.8892458992898
2020-10-28,16.4605038943982,25.9984331874927
2020-10-28,16.4605038943982,25.1398998085165
2020-10-28,15.9861424575361,25.9984331874927
2020-10-28,15.9861424575361,25.1398998085165
2020-10-29,16.6257165537505,26.2294891463743
2020-10-29,16.6257165537505,25.4199392878927
2020-10-29,16.1229424088751,26.2294891463743
2020-10-29,16.1229424088751,25.4199392878927
2020-10-30,16.234875960455,25.8061421414154
2020-10-30,16.234875960455,20.7974976540472
2020-10-30,12.637570260285,25.8061421414154
2020-10-30,12.637570260285,20.7974976540472
2020-10-31,0,16.4734942492391
2020-10-31,0,11.7317883802396
2020-10-31,6.87517099785677,16.4734942492391
2020-10-31,6.87517099785677,11.7317883802396
2020-11-01,6.9463646545434,11.8982331543487
2020-11-01,6.9463646545434,11.2326307961239
2020-11-01,6.57482419642136,11.8982331543487
2020-11-01,6.57482419642136,11.2326307961239
2020-11-02,6.42406973121822,11.0309408201746
2020-11-02,6.42406973121822,9.40652268408672
2020-11-02,5.40464806238786,11.0309408201746
2020-11-02,5.40464806238786,9.40652268408672
2020-11-03,5.32329408906963,9.42122933319131
2020-11-03,5.32329408906963,8.25808925401755
2020-11-03,4.72210734088321,9.42122933319131
2020-11-03,4.72210734088321,8.25808925401755
2020-11-04,4.3915449977000800,7.84364811698171
2020-11-04,4.3915449977000800,7.46489686497179
2020-11-04,4.16529703087223,7.84364811698171
2020-11-04,4.16529703087223,7.46489686497179
2020-11-05,4.16566824457483,7.63233429281611
2020-11-05,4.16566824457483,7.36573615859576
2020-11-05,3.98605800809763,7.63233429281611
2020-11-05,3.98605800809763,7.36573615859576
2020-11-06,3.46747250795064,7.38604084918488
2020-11-06,3.46747250795064,7.4380733390965
2020-11-06,3.82649416819739,7.38604084918488
2020-11-06,3.82649416819739,7.4380733390965
2020-11-07,3.81016973508688,7.65844319017165
2020-11-07,3.81016973508688,7.26353138075712
2020-11-07,3.61140328538924,7.65844319017165
2020-11-07,3.61140328538924,7.26353138075712
2020-11-08,3.6146091892971,7.5616413832435
2020-11-08,3.6146091892971,7.43042391345527
2020-11-08,3.52885848101287,7.5616413832435
2020-11-08,3.52885848101287,7.43042391345527
2020-11-09,3.53336130301813,7.75526852643841
2020-11-09,3.53336130301813,7.64731715344064
2020-11-09,3.47106393160563,7.75526852643841
2020-11-09,3.47106393160563,7.64731715344064
2020-11-10,3.46387905599671,8.05267142956603
2020-11-10,3.46387905599671,7.84775208700231
2020-11-10,3.4110316411522,8.05267142956603
2020-11-10,3.4110316411522,7.84775208700231
2020-11-11,3.42886329025863,8.40177049318315
2020-11-11,3.42886329025863,7.8833677277347
2020-11-11,3.21486526266329,8.40177049318315
2020-11-11,3.21486526266329,7.8833677277347
2020-11-12,3.15790562689974,8.45471803783316
2020-11-12,3.15790562689974,7.35704710201901
2020-11-12,2.68522208295974,8.45471803783316
2020-11-12,2.68522208295974,7.35704710201901
2020-11-13,1.9212563582706,4.28025808851859
2020-11-13,1.9212563582706,3.72468801188535
2020-11-13,1.58785424022952,4.28025808851859
2020-11-13,1.58785424022952,3.72468801188535
2020-11-14,0,0
2020-11-14,0,2.72324563942737
2020-11-14,1.111738822467,0
2020-11-14,1.111738822467,2.72324563942737
2020-11-15,1.14933457696488,2.69207264958897
2020-11-15,1.14933457696488,2.42036180882055
2020-11-15,1.0415400197924,2.69207264958897
2020-11-15,1.0415400197924,2.42036180882055
2020-11-16,0.953767164460684,0
2020-11-16,0.953767164460684,1.87043569943057
2020-11-16,0.847311039970608,0
2020-11-16,0.847311039970608,1.87043569943057
2020-11-17,0.842375258726235,1.8991927685354
2020-11-17,0.842375258726235,1.66590666693105
2020-11-17,0.727660321140904,1.8991927685354
2020-11-17,0.727660321140904,1.66590666693105
2020-11-18,0.682986207735318,1.52477177776235
2020-11-18,0.682986207735318,1.40683231266297
2020-11-18,0.624209056585139,1.52477177776235
2020-11-18,0.624209056585139,1.40683231266297
2020-11-19,0.628166077382169,1.44830066565016
2020-11-19,0.628166077382169,1.34968746391046
2020-11-19,0.595259774039081,1.44830066565016
2020-11-19,0.595259774039081,1.34968746391046
2020-11-20,0.61419763065412,1.40801393538699
2020-11-20,0.61419763065412,1.3367288368571
2020-11-20,0.566221762220518,1.40801393538699
2020-11-20,0.566221762220518,1.3367288368571
2020-11-21,0.579590040475924,1.38926798153908
2020-11-21,0.579590040475924,1.2619896244789
2020-11-21,0.5383505756838,1.38926798153908
2020-11-21,0.5383505756838,1.2619896244789
2020-11-22,0.555881549839719,1.31724412878059
2020-11-22,0.555881549839719,1.30757127586612
2020-11-22,0.5522165695765,1.31724412878059
2020-11-22,0.5522165695765,1.30757127586612
2020-11-23,0.572083490131139,1.37495384014805
2020-11-23,0.572083490131139,1.36161679887934
2020-11-23,0.567857153247253,1.37495384014805
2020-11-23,0.567857153247253,1.36161679887934
2020-11-24,0.556226993931512,1.332526592537
2020-11-24,0.556226993931512,1.27749940865164
2020-11-24,0.519845230694782,1.332526592537
2020-11-24,0.519845230694782,1.27749940865164
2020-11-25,0.540126552375393,1.31086136020644
2020-11-25,0.540126552375393,1.26747496203535
2020-11-25,0.515468145892222,1.31086136020644
2020-11-25,0.515468145892222,1.26747496203535
2020-11-26,0.53195170282407,1.27954993358928
2020-11-26,0.53195170282407,1.23626860702833
2020-11-26,0.50564713771853,1.27954993358928
2020-11-26,0.50564713771853,1.23626860702833
2020-11-27,0.517298991343978,1.2867126921451
2020-11-27,0.517298991343978,1.21229826568967
2020-11-27,0.443418085159216,1.2867126921451
2020-11-27,0.443418085159216,1.21229826568967
2020-11-28,0.46107308277797,1.1495374698869
2020-11-28,0.46107308277797,1.10027089094016
2020-11-28,0.446897499179673,1.1495374698869
2020-11-28,0.446897499179673,1.10027089094016
2020-11-29,0.465047067223477,1.14925059100646
2020-11-29,0.465047067223477,1.12183850242473
2020-11-29,0.450922211555884,1.14925059100646
2020-11-29,0.450922211555884,1.12183850242473
2020-11-30,0.103621374644541,0.13370065177189
2020-11-30,0.103621374644541,1.15890155486312
2020-11-30,0.459464779322841,0.13370065177189
2020-11-30,0.459464779322841,1.15890155486312
2020-12-01,0,0
2020-12-01,0,1.14488205409143
2020-12-01,0.455444722182836,0
2020-12-01,0.455444722182836,1.14488205409143
2020-12-02,0.467151113778509,1.13512028689194
2020-12-02,0.467151113778509,1.07397099400401
2020-12-02,0.441119999635058,1.13512028689194
2020-12-02,0.441119999635058,1.07397099400401
2020-12-03,0.433690174887328,1.09549492906548
2020-12-03,0.433690174887328,0.86234428346499
2020-12-03,0.300961549043052,1.09549492906548
2020-12-03,0.300961549043052,0.86234428346499
2020-12-04,0.289525078949238,0.849078899866594
2020-12-04,0.289525078949238,0.648860056415656
2020-12-04,0.253591896740871,0.849078899866594
2020-12-04,0.253591896740871,0.648860056415656
2020-12-05,0.25888199347046,0.665652651466439
2020-12-05,0.25888199347046,0.625821876941734
2020-12-05,0.243606654505224,0.665652651466439
2020-12-05,0.243606654505224,0.625821876941734
2020-12-06,0.237787532528758,0.611837838045338
2020-12-06,0.237787532528758,0.550996183449844
2020-12-06,0.213818386794663,0.611837838045338
2020-12-06,0.213818386794663,0.550996183449844
2020-12-07,0.216804543522154,0.570038103731697
2020-12-07,0.216804543522154,0.379156344626382
2020-12-07,0.149678388828973,0.570038103731697
2020-12-07,0.149678388828973,0.379156344626382
2020-12-08,0.152531924563109,0.388999231546737
2020-12-08,0.152531924563109,0.31983522741377
2020-12-08,0.127461748721594,0.388999231546737
2020-12-08,0.127461748721594,0.31983522741377
2020-12-09,0.130387935736263,0.330621756687401
2020-12-09,0.130387935736263,0.287506809066128
2020-12-09,0.115491306839444,0.330621756687401
2020-12-09,0.115491306839444,0.287506809066128
2020-12-10,0.117892132584401,0.296785255296546
2020-12-10,0.117892132584401,0.268941309021723
2020-12-10,0.1083336400509,0.296785255296546
2020-12-10,0.1083336400509,0.268941309021723
2020-12-11,0.110465844308784,0.276889174668019
2020-12-11,0.110465844308784,0.259041772779696
2020-12-11,0.104075972094153,0.276889174668019
2020-12-11,0.104075972094153,0.259041772779696
2020-12-12,0.106809707889971,0.27025813017362
2020-12-12,0.106809707889971,0.253930305838711
2020-12-12,0.101397433852199,0.27025813017362
2020-12-12,0.101397433852199,0.253930305838711
2020-12-13,0.10392425497138,0.264462915136074
2020-12-13,0.10392425497138,0.251973019063505
2020-12-13,0.0997803484351357,0.264462915136074
2020-12-13,0.0997803484351357,0.251973019063505
2020-12-14,0.102693562422439,0.264135603385685
2020-12-14,0.102693562422439,0.259623206978495
2020-12-14,0.101301659781295,0.264135603385685
2020-12-14,0.101301659781295,0.259623206978495
2020-12-15,0.101361726378152,0.149778868824914
2020-12-15,0.101361726378152,0.221442590188201
2020-12-15,0.0937520741406461,0.149778868824914
2020-12-15,0.0937520741406461,0.221442590188201
2020-12-16,0.0960622654731393,0.219223115274277
2020-12-16,0.0960622654731393,0.0507664105367932
2020-12-16,0.0426714442869108,0.219223115274277
2020-12-16,0.0426714442869108,0.0507664105367932
2020-12-17,0.0803107328101003,0.217685464634861
2020-12-17,0.0803107328101003,0.036
2020-12-17,0.036,0.217685464634861
2020-12-17,0.036,0.036
2020-12-18,0.0775761514535277,0.197308489183525
2020-12-18,0.0775761514535277,0.036
2020-12-18,0.036,0.197308489183525
2020-12-18,0.036,0.036
2020-12-19,0.0360177353125953,0.0362497503065867
2020-12-19,0.0360177353125953,0.036
2020-12-19,0.036,0.0362497503065867
2020-12-19,0.036,0.036
2020-12-20,0.0361548587331745,0.0363931605956747
2020-12-20,0.0361548587331745,0.036
2020-12-20,0.036,0.0363931605956747
2020-12-20,0.036,0.036
2020-12-21,0.0361224015023694,0.0364888833403616
2020-12-21,0.0361224015023694,0.036
2020-12-21,0.036,0.0364888833403616
2020-12-21,0.036,0.036
2020-12-22,0.0403337236302294,0.0582760371099397
2020-12-22,0.0403337236302294,0.036
2020-12-22,0.036,0.0582760371099397
2020-12-22,0.036,0.036
2020-12-23,0.0461029820661588,0.0895839274246974
2020-12-23,0.0461029820661588,0.036
2020-12-23,0.036,0.0895839274246974
2020-12-23,0.036,0.036
2020-12-24,0.0418703431919111,0.0692748205793304
2020-12-24,0.0418703431919111,0.0668451781016242
2020-12-24,0.0409956775503836,0.0692748205793304
2020-12-24,0.0409956775503836,0.0668451781016242
2020-12-25,0.0412557957848149,0.0680065090958576
2020-12-25,0.0412557957848149,0.0610088339322911
2020-12-25,0.038893902006944,0.0680065090958576
2020-12-25,0.038893902006944,0.0610088339322911
2020-12-26,0.039256731361845,0.0631698397967694
2020-12-26,0.039256731361845,0.048812903532596600
2020-12-26,0.0366827853676901,0.0631698397967694
2020-12-26,0.0366827853676901,0.048812903532596600
2020-12-27,0.0377870499422619,0.0610228165753253
2020-12-27,0.0377870499422619,0.0440582045606416
2020-12-27,0.036,0.0610228165753253
2020-12-27,0.036,0.0440582045606416
2020-12-28,0.0368795528996876,0.058310115908053
2020-12-28,0.0368795528996876,0.0368940726814129
2020-12-28,0.036,0.058310115908053
2020-12-28,0.036,0.0368940726814129
2020-12-29,0.0363750171177622,0.0534426363993654
2020-12-29,0.0363750171177622,0.050460902245022
2020-12-29,0.036,0.0534426363993654
2020-12-29,0.036,0.050460902245022
2020-12-30,0.0364233014477663,0.0528858085796827
2020-12-30,0.0364233014477663,0.0519926778287529
2020-12-30,0.036,0.0528858085796827
2020-12-30,0.036,0.0519926778287529
2020-12-31,0.0365294981334558,0.0529954159386451
2020-12-31,0.0365294981334558,0.0515564971288053
2020-12-31,0.0361111498273721,0.0529954159386451
2020-12-31,0.0361111498273721,0.0515564971288053