Date,baseline_temp_C,fire100_temp_C
2020-02-18,3.44784182278694,6.51533022305536
2020-02-18,3.44784182278694,6.09498690129048
2020-02-18,4.29182494000019,6.51533022305536
2020-02-18,4.29182494000019,6.09498690129048
2020-02-19,4.13773261995437,6.69985746190288
2020-02-19,4.13773261995437,6.28276835029799
2020-02-19,4.82049672775464,6.69985746190288
2020-02-19,4.82049672775464,6.28276835029799
2020-02-20,5.22351003234866,6.52338063197443
2020-02-20,5.22351003234866,6.29507884935654
2020-02-20,5.00672899709136,6.52338063197443
2020-02-20,5.00672899709136,6.29507884935654
2020-02-21,5.19697225754674,6.39657110484926
2020-02-21,5.19697225754674,6.03446863134495
2020-02-21,4.86586650950713,6.39657110484926
2020-02-21,4.86586650950713,6.03446863134495
2020-02-22,5.16923101613797,6.36398264054219
2020-02-22,5.16923101613797,5.87496387724378
2020-02-22,4.83495706784501,6.36398264054219
2020-02-22,4.83495706784501,5.87496387724378
2020-02-23,5.66610780307476,6.66207467775076
2020-02-23,5.66610780307476,5.96932711049596
2020-02-23,5.0467305977928,6.66207467775076
2020-02-23,5.0467305977928,5.96932711049596
2020-02-24,6.30977819787566,6.89330222625109
2020-02-24,6.30977819787566,6.42966038152718
2020-02-24,5.5532276152686,6.89330222625109
2020-02-24,5.5532276152686,6.42966038152718
2020-02-25,6.13467502299647,6.94418960520065
2020-02-25,6.13467502299647,6.93394442059205
2020-02-25,6.04452486670943,6.94418960520065
2020-02-25,6.04452486670943,6.93394442059205
2020-02-26,7.46052925976863,8.20469103626347
2020-02-26,7.46052925976863,7.75496280785608
2020-02-26,7.00636845418289,8.20469103626347
2020-02-26,7.00636845418289,7.75496280785608
2020-02-27,7.99240817392688,8.7860626277219
2020-02-27,7.99240817392688,7.61821208740445
2020-02-27,6.98279850422879,8.7860626277219
2020-02-27,6.98279850422879,7.61821208740445
2020-02-28,5.40048689562326,7.88552394753586
2020-02-28,5.40048689562326,7.14988144930084
2020-02-28,6.26954696904385,7.88552394753586
2020-02-28,6.26954696904385,7.14988144930084
2020-02-29,6.17148751962549,7.34524643096312
2020-02-29,6.17148751962549,6.79955607372065
2020-02-29,5.95401999301911,7.34524643096312
2020-02-29,5.95401999301911,6.79955607372065
2020-03-01,6.3409648519308,7.09268793049477
2020-03-01,6.3409648519308,6.62792314701364
2020-03-01,5.8135126225882,7.09268793049477
2020-03-01,5.8135126225882,6.62792314701364
2020-03-02,6.54862776128842,7.36848875179972
2020-03-02,6.54862776128842,6.78137498052401
2020-03-02,6.01882038332333,7.36848875179972
2020-03-02,6.01882038332333,6.78137498052401
2020-03-03,6.49793771150859,7.208877208752
2020-03-03,6.49793771150859,7.14896095215003
2020-03-03,6.39453254366215,7.208877208752
2020-03-03,6.39453254366215,7.14896095215003
2020-03-04,7.52879705100535,8.2219389429828
2020-03-04,7.52879705100535,7.4873504365177
2020-03-04,6.85293168215238,8.2219389429828
2020-03-04,6.85293168215238,7.4873504365177
2020-03-05,7.71482461339087,8.45087141336018
2020-03-05,7.71482461339087,7.88126320240372
2020-03-05,7.279849143272,8.45087141336018
2020-03-05,7.279849143272,7.88126320240372
2020-03-06,7.68550932755291,8.32015577172373
2020-03-06,7.68550932755291,7.787159018261
2020-03-06,7.25437238224451,8.32015577172373
2020-03-06,7.25437238224451,7.787159018261
2020-03-07,7.38201943396193,8.18044160284977
2020-03-07,7.38201943396193,7.57164283722937
2020-03-07,6.92292074786606,8.18044160284977
2020-03-07,6.92292074786606,7.57164283722937
2020-03-08,7.41430454458313,8.01206688725943
2020-03-08,7.41430454458313,7.53897072553489
2020-03-08,6.90756874940398,8.01206688725943
2020-03-08,6.90756874940398,7.53897072553489
2020-03-09,8.01630064393922,8.7221745197799
2020-03-09,8.01630064393922,8.02606162124712
2020-03-09,7.29635746265732,8.7221745197799
2020-03-09,7.29635746265732,8.02606162124712
2020-03-10,8.24789151094511,8.96588748444406
2020-03-10,8.24789151094511,8.86868955342797
2020-03-10,8.28460976983337,8.96588748444406
2020-03-10,8.28460976983337,8.86868955342797
2020-03-11,9.20105990772274,9.92927188934132
2020-03-11,9.20105990772274,9.95492361327573
2020-03-11,9.2790489417213200,9.92927188934132
2020-03-11,9.2790489417213200,9.95492361327573
2020-03-12,10.6163829907095,11.3821749713648
2020-03-12,10.6163829907095,10.7546923379366
2020-03-12,10.1727213101521,11.3821749713648
2020-03-12,10.1727213101521,10.7546923379366
2020-03-13,11.3242703458885,12.0856173674919
2020-03-13,11.3242703458885,12.0900982059523
2020-03-13,11.4412161378493,12.0856173674919
2020-03-13,11.4412161378493,12.0900982059523
2020-03-14,12.39296588565,12.9972049606638
2020-03-14,12.39296588565,11.8678306141101
2020-03-14,10.8373157982653,12.9972049606638
2020-03-14,10.8373157982653,11.8678306141101
2020-03-15,11.5696113264346,12.5117090574586
2020-03-15,11.5696113264346,12.1086507464988
2020-03-15,11.2073332412227,12.5117090574586
2020-03-15,11.2073332412227,12.1086507464988
2020-03-16,11.2686244012418,12.1203115433431
2020-03-16,11.2686244012418,11.7301847706417
2020-03-16,10.958934479429,12.1203115433431
2020-03-16,10.958934479429,11.7301847706417
2020-03-17,11.1820516888331,11.893686871067
2020-03-17,11.1820516888331,11.5436750808963
2020-03-17,10.8182260889201,11.893686871067
2020-03-17,10.8182260889201,11.5436750808963
2020-03-18,11.7948509931455,12.4108690887862
2020-03-18,11.7948509931455,11.5397820569878
2020-03-18,10.947420817694,12.4108690887862
2020-03-18,10.947420817694,11.5397820569878
2020-03-19,11.2857480105279,11.8463465783185
2020-03-19,11.2857480105279,11.7263230473163
2020-03-19,11.1979359290584,11.8463465783185
2020-03-19,11.1979359290584,11.7263230473163
2020-03-20,12.8146859113347,13.2241839983434
2020-03-20,12.8146859113347,12.9532652581454
2020-03-20,12.4472953127904,13.2241839983434
2020-03-20,12.4472953127904,12.9532652581454
2020-03-21,13.4666031361122,14.2648313035646
2020-03-21,13.4666031361122,14.1205651370898
2020-03-21,13.4826320549182,14.2648313035646
2020-03-21,13.4826320549182,14.1205651370898
2020-03-22,13.8640060735267,14.5588358995416
2020-03-22,13.8640060735267,13.5629639264406
2020-03-22,12.5214789812137,14.5588358995416
2020-03-22,12.5214789812137,13.5629639264406
2020-03-23,12.7887942218579,13.5902423842139
2020-03-23,12.7887942218579,12.938289896934
2020-03-23,12.2931965927046,13.5902423842139
2020-03-23,12.2931965927046,12.938289896934
2020-03-24,12.2572626085609,12.9443685024628
2020-03-24,12.2572626085609,12.4257846067938
2020-03-24,11.6474904040073,12.9443685024628
2020-03-24,11.6474904040073,12.4257846067938
2020-03-25,12.2372696513314,12.8935498943608
2020-03-25,12.2372696513314,12.4885223616152
2020-03-25,11.8869511729964,12.8935498943608
2020-03-25,11.8869511729964,12.4885223616152
2020-03-26,12.7693479151496,13.1964060308097
2020-03-26,12.7693479151496,12.5676546168592
2020-03-26,12.0506338302996,13.1964060308097
2020-03-26,12.0506338302996,12.5676546168592
2020-03-27,12.4274489883266,13.0970488980808
2020-03-27,12.4274489883266,12.43727207023
2020-03-27,11.6742877287962,13.0970488980808
2020-03-27,11.6742877287962,12.43727207023
2020-03-28,12.8565867038385,13.7865785501534
2020-03-28,12.8565867038385,14.0863480403442
2020-03-28,12.8124248683298,13.7865785501534
2020-03-28,12.8124248683298,14.0863480403442
2020-03-29,15.1900137730826,16.7232709086427
2020-03-29,15.1900137730826,16.3144992441454
2020-03-29,14.9157592069712,16.7232709086427
2020-03-29,14.9157592069712,16.3144992441454
2020-03-30,16.1898798790501,17.3946750095941
2020-03-30,16.1898798790501,16.276085219579
2020-03-30,14.7535235116461,17.3946750095941
2020-03-30,14.7535235116461,16.276085219579
2020-03-31,15.5148591915795,16.6633948295687
2020-03-31,15.5148591915795,15.6632920259063
2020-03-31,14.5134148097797,16.6633948295687
2020-03-31,14.5134148097797,15.6632920259063
2020-04-01,13.9896037075342,15.1015272547388
2020-04-01,13.9896037075342,13.8856723050923
2020-04-01,12.835148943321,15.1015272547388
2020-04-01,12.835148943321,13.8856723050923
2020-04-02,12.8962704223296,13.9485233894639
2020-04-02,12.8962704223296,12.86373702868
2020-04-02,11.8155529094117,13.9485233894639
2020-04-02,11.8155529094117,12.86373702868
2020-04-03,12.1971196659875,12.8776821763351
2020-04-03,12.1971196659875,11.9310505291191
2020-04-03,11.0767994262706,12.8776821763351
2020-04-03,11.0767994262706,11.9310505291191
2020-04-04,12.171276694891,12.9987907394867
2020-04-04,12.171276694891,12.2165545909135
2020-04-04,11.4035260586021,12.9987907394867
2020-04-04,11.4035260586021,12.2165545909135
2020-04-05,13.0241468298441,13.8178515095913
2020-04-05,13.0241468298441,13.0182003284405
2020-04-05,12.2873116593977,13.8178515095913
2020-04-05,12.2873116593977,13.0182003284405
2020-04-06,13.9097415635862,14.4286860826852
2020-04-06,13.9097415635862,13.7700933814215
2020-04-06,13.1796965922337,14.4286860826852
2020-04-06,13.1796965922337,13.7700933814215
2020-04-07,14.8850251127468,15.3424472441359
2020-04-07,14.8850251127468,14.4466843413687
2020-04-07,13.8148908163029,15.3424472441359
2020-04-07,13.8148908163029,14.4466843413687
2020-04-08,15.5754822376641,16.3161237009494
2020-04-08,15.5754822376641,15.530500339811
2020-04-08,15.0642456921897,16.3161237009494
2020-04-08,15.0642456921897,15.530500339811
2020-04-09,16.0290773769311,16.6742347002504
2020-04-09,16.0290773769311,15.860347623583400
2020-04-09,15.3423311083765,16.6742347002504
2020-04-09,15.3423311083765,15.860347623583400
2020-04-10,16.0980013765385,16.579711336525
2020-04-10,16.0980013765385,15.1701371330011
2020-04-10,14.5218486784005,16.579711336525
2020-04-10,14.5218486784005,15.1701371330011
2020-04-11,14.7153688664409,15.3551038936192
2020-04-11,14.7153688664409,14.2042975973041
2020-04-11,13.6087377859136,15.3551038936192
2020-04-11,13.6087377859136,14.2042975973041
2020-04-12,14.5099006328914,15.116947855654
2020-04-12,14.5099006328914,14.6239938482703
2020-04-12,14.0990304217541,15.116947855654
2020-04-12,14.0990304217541,14.6239938482703
2020-04-13,14.4481997442028,14.9685422414096
2020-04-13,14.4481997442028,14.97529358665
2020-04-13,14.5858244475117,14.9685422414096
2020-04-13,14.5858244475117,14.97529358665
2020-04-14,15.495066038019,15.9166378182782
2020-04-14,15.495066038019,14.0457913943983
2020-04-14,12.7121770479563,15.9166378182782
2020-04-14,12.7121770479563,14.0457913943983
2020-04-15,13.5461026191268,15.1257227106491
2020-04-15,13.5461026191268,13.22123874323
2020-04-15,11.5951392138804,15.1257227106491
2020-04-15,11.5951392138804,13.22123874323
2020-04-16,12.6957720829026,14.2874396415357
2020-04-16,12.6957720829026,13.1402973986077
2020-04-16,11.7073811033463,14.2874396415357
2020-04-16,11.7073811033463,13.1402973986077
2020-04-17,12.6874731186509,14.0022386335587
2020-04-17,12.6874731186509,13.0582275427943
2020-04-17,11.6997401679945,14.0022386335587
2020-04-17,11.6997401679945,13.0582275427943
2020-04-18,12.4837613761802,13.8279311048036
2020-04-18,12.4837613761802,13.4703124605319
2020-04-18,12.1756216439744,13.8279311048036
2020-04-18,12.1756216439744,13.4703124605319
2020-04-19,13.0739292895435,14.1396219699419
2020-04-19,13.0739292895435,13.249181121714
2020-04-19,12.0147357191614,14.1396219699419
2020-04-19,12.0147357191614,13.249181121714
2020-04-20,12.7600037592295,13.9195688038691
2020-04-20,12.7600037592295,13.6805012622736
2020-04-20,12.6053004958244,13.9195688038691
2020-04-20,12.6053004958244,13.6805012622736
2020-04-21,13.631037047448,14.724102937283
2020-04-21,13.631037047448,13.989810313591
2020-04-21,13.0211371311457,14.724102937283
2020-04-21,13.0211371311457,13.989810313591
2020-04-22,13.952113627904,14.7612083731949
2020-04-22,13.952113627904,13.7431062366934
2020-04-22,12.5814966102628,14.7612083731949
2020-04-22,12.5814966102628,13.7431062366934
2020-04-23,14.1618728885429,15.0803630469405
2020-04-23,14.1618728885429,14.4917581805592
2020-04-23,13.5158208990004,15.0803630469405
2020-04-23,13.5158208990004,14.4917581805592
2020-04-24,13.5221530636776,14.4902087303318
2020-04-24,13.5221530636776,14.4963222688861
2020-04-24,13.5849959922031,14.4902087303318
2020-04-24,13.5849959922031,14.4963222688861
2020-04-25,15.4855025034492,16.3630942462966
2020-04-25,15.4855025034492,15.5536750641051
2020-04-25,14.5903312459497,16.3630942462966
2020-04-25,14.5903312459497,15.5536750641051
2020-04-26,14.9797285680683,15.8713990046164
2020-04-26,14.9797285680683,15.575710640173
2020-04-26,14.6952157523,15.8713990046164
2020-04-26,14.6952157523,15.575710640173
2020-04-27,15.6765865220888,16.4993718577354
2020-04-27,15.6765865220888,15.4365162168194
2020-04-27,14.4866820453899,16.4993718577354
2020-04-27,14.4866820453899,15.4365162168194
2020-04-28,15.0761548432971,16.1856309793475
2020-04-28,15.0761548432971,15.4234620421234
2020-04-28,14.1942421847993,16.1856309793475
2020-04-28,14.1942421847993,15.4234620421234
2020-04-29,14.9025088327328,16.0365287500522
2020-04-29,14.9025088327328,15.5799502188271
2020-04-29,14.3317107343488,16.0365287500522
2020-04-29,14.3317107343488,15.5799502188271
2020-04-30,15.3117731943733,16.5508665236857
2020-04-30,15.3117731943733,16.0627632441569
2020-04-30,14.8799469282888,16.5508665236857
2020-04-30,14.8799469282888,16.0627632441569
2020-05-01,15.5244115787084,16.6464448288867
2020-05-01,15.5244115787084,15.8002486637058
2020-05-01,14.6105551619413,16.6464448288867
2020-05-01,14.6105551619413,15.8002486637058
2020-05-02,14.7776377873624,16.0617811894391
2020-05-02,14.7776377873624,14.9875530270325
2020-05-02,13.4163632701357,16.0617811894391
2020-05-02,13.4163632701357,14.9875530270325
2020-05-03,15.2657888377256,16.8201913305001
2020-05-03,15.2657888377256,15.8506586397995
2020-05-03,14.4484380801158,16.8201913305001
2020-05-03,14.4484380801158,15.8506586397995
2020-05-04,16.4034359299884,17.7693486800219
2020-05-04,16.4034359299884,17.3360110597825
2020-05-04,15.9666913857793,17.7693486800219
2020-05-04,15.9666913857793,17.3360110597825
2020-05-05,17.5878688956987,18.7127682549431
2020-05-05,17.5878688956987,18.0536647497882
2020-05-05,16.45773896097,18.7127682549431
2020-05-05,16.45773896097,18.0536647497882
2020-05-06,16.4857075016841,18.0850621822709
2020-05-06,16.4857075016841,17.6328608387707
2020-05-06,15.9524413743865,18.0850621822709
2020-05-06,15.9524413743865,17.6328608387707
2020-05-07,16.1642719147863,17.8571884594257
2020-05-07,16.1642719147863,16.5453091459718
2020-05-07,14.8234478561386,17.8571884594257
2020-05-07,14.8234478561386,16.5453091459718
2020-05-08,16.0501594989807,17.6273117799724
2020-05-08,16.0501594989807,16.861789523745
2020-05-08,15.2818411731458,17.6273117799724
2020-05-08,15.2818411731458,16.861789523745
2020-05-09,15.5988641571433,17.1184048891791
2020-05-09,15.5988641571433,15.9165907401232
2020-05-09,14.4637008140041,17.1184048891791
2020-05-09,14.4637008140041,15.9165907401232
2020-05-10,15.5883258991374,16.9596197872445
2020-05-10,15.5883258991374,15.9325977158283
2020-05-10,14.6643215602486,16.9596197872445
2020-05-10,14.6643215602486,15.9325977158283
2020-05-11,15.9256319050991,17.0256222126662
2020-05-11,15.9256319050991,16.3645385311825
2020-05-11,15.3673463779076,17.0256222126662
2020-05-11,15.3673463779076,16.3645385311825
2020-05-12,16.0697031397032,16.9720742087133
2020-05-12,16.0697031397032,16.3148586151012
2020-05-12,15.3869564639783,16.9720742087133
2020-05-12,15.3869564639783,16.3148586151012
2020-05-13,16.614048671483,17.4461662388972
2020-05-13,16.614048671483,16.5913694744139
2020-05-13,15.868857618144,17.4461662388972
2020-05-13,15.868857618144,16.5913694744139
2020-05-14,16.8501479075392,17.4324855175358
2020-05-14,16.8501479075392,17.2598393152168
2020-05-14,16.6502539291111,17.4324855175358
2020-05-14,16.6502539291111,17.2598393152168
2020-05-15,18.380806857042,19.0422570914348
2020-05-15,18.380806857042,18.4394176050285
2020-05-15,17.9138715663549,19.0422570914348
2020-05-15,17.9138715663549,18.4394176050285
2020-05-16,19.9179683097348,20.3520733687624
2020-05-16,19.9179683097348,19.4246751341136
2020-05-16,18.9072886953484,20.3520733687624
2020-05-16,18.9072886953484,19.4246751341136
2020-05-17,20.8813800635809,21.7579413041649
2020-05-17,20.8813800635809,20.8605794395878
2020-05-17,20.2336305482225,21.7579413041649
2020-05-17,20.2336305482225,20.8605794395878
2020-05-18,21.3274078616635,22.0996491109217
2020-05-18,21.3274078616635,21.2450540720808
2020-05-18,20.5963117543948,22.0996491109217
2020-05-18,20.5963117543948,21.2450540720808
2020-05-19,21.1251644504382,21.7165957326682
2020-05-19,21.1251644504382,20.3413315745164
2020-05-19,19.8333607610684,21.7165957326682
2020-05-19,19.8333607610684,20.3413315745164
2020-05-20,18.5563553352873,19.0271194040916
2020-05-20,18.5563553352873,16.8858236656753
2020-05-20,16.2077008799778,19.0271194040916
2020-05-20,16.2077008799778,16.8858236656753
2020-05-21,15.2735589831307,16.2666846362677
2020-05-21,15.2735589831307,15.2445857856277
2020-05-21,13.8104109386733,16.2666846362677
2020-05-21,13.8104109386733,15.2445857856277
2020-05-22,13.6490045513088,15.1650601436849
2020-05-22,13.6490045513088,15.1298372518629
2020-05-22,13.3446316288705,15.1650601436849
2020-05-22,13.3446316288705,15.1298372518629
2020-05-23,14.365287954883,16.6654342119918
2020-05-23,14.365287954883,16.1560749387112
2020-05-23,14.2341487751,16.6654342119918
2020-05-23,14.2341487751,16.1560749387112
2020-05-24,15.1116444386531,17.3453836542867
2020-05-24,15.1116444386531,16.6011924374857
2020-05-24,14.5952060040132,17.3453836542867
2020-05-24,14.5952060040132,16.6011924374857
2020-05-25,15.8000235618784,18.0715631199575
2020-05-25,15.8000235618784,17.8646261678715
2020-05-25,15.330959978788,18.0715631199575
2020-05-25,15.330959978788,17.8646261678715
2020-05-26,15.61842699097,18.2851969436504
2020-05-26,15.61842699097,17.8678759021179
2020-05-26,15.7698294408271,18.2851969436504
2020-05-26,15.7698294408271,17.8678759021179
2020-05-27,16.8202955123601,18.8088168023606
2020-05-27,16.8202955123601,18.4445898982097
2020-05-27,16.7213824724477,18.8088168023606
2020-05-27,16.7213824724477,18.4445898982097
2020-05-28,17.0440776565096,18.7198948942225
2020-05-28,17.0440776565096,18.1984663219254
2020-05-28,16.7347648509657,18.7198948942225
2020-05-28,16.7347648509657,18.1984663219254
2020-05-29,18.1721408743425,19.5330560569541
2020-05-29,18.1721408743425,19.34671214565
2020-05-29,18.0286227564404,19.5330560569541
2020-05-29,18.0286227564404,19.34671214565
2020-05-30,18.7881806374287,20.5498012548339
2020-05-30,18.7881806374287,19.6854462745657
2020-05-30,18.3141561022171,20.5498012548339
2020-05-30,18.3141561022171,19.6854462745657
2020-05-31,19.4877208747778,21.0619304966995
2020-05-31,19.4877208747778,19.1199285754397
2020-05-31,17.6055221231642,21.0619304966995
2020-05-31,17.6055221231642,19.1199285754397
2020-06-01,19.1402804811272,20.5739928344154
2020-06-01,19.1402804811272,18.4386115163685
2020-06-01,16.9523380333032,20.5739928344154
2020-06-01,16.9523380333032,18.4386115163685
2020-06-02,18.4453956039444,19.9015269526167
2020-06-02,18.4453956039444,19.0867447239624
2020-06-02,17.7376946542476,19.9015269526167
2020-06-02,17.7376946542476,19.0867447239624
2020-06-03,19.663228448886100,21.1501754696841
2020-06-03,19.663228448886100,20.3474991113824
2020-06-03,19.1719255059513,21.1501754696841
2020-06-03,19.1719255059513,20.3474991113824
2020-06-04,21.0708311609467,22.1890593575954
2020-06-04,21.0708311609467,21.4368913044871
2020-06-04,20.3990722539413,22.1890593575954
2020-06-04,20.3990722539413,21.4368913044871
2020-06-05,21.7820737840537,22.7819519522406
2020-06-05,21.7820737840537,22.1112244264509
2020-06-05,21.1558853748656,22.7819519522406
2020-06-05,21.1558853748656,22.1112244264509
2020-06-06,22.1927527787389,23.1705137228701
2020-06-06,22.1927527787389,22.4838450012864
2020-06-06,21.6420503808691,23.1705137228701
2020-06-06,21.6420503808691,22.4838450012864
2020-06-07,23.3850955984035,24.2444762805516
2020-06-07,23.3850955984035,22.7917052351789
2020-06-07,21.9730603376783,24.2444762805516
2020-06-07,21.9730603376783,22.7917052351789
2020-06-08,23.6779502858308,24.4806316647477
2020-06-08,23.6779502858308,22.9440440191406
2020-06-08,22.2110546058169,24.4806316647477
2020-06-08,22.2110546058169,22.9440440191406
2020-06-09,23.6675444028625,24.3638949076409
2020-06-09,23.6675444028625,23.749522939178
2020-06-09,23.0781256876752,24.3638949076409
2020-06-09,23.0781256876752,23.749522939178
2020-06-10,24.5542784128775,25.1781519667263
2020-06-10,24.5542784128775,24.5574955108596
2020-06-10,23.889629689361,25.1781519667263
2020-06-10,23.889629689361,24.5574955108596
2020-06-11,24.9917753492207,25.5797747973112
2020-06-11,24.9917753492207,24.8207404791462
2020-06-11,24.1100104066982,25.5797747973112
2020-06-11,24.1100104066982,24.8207404791462
2020-06-12,24.7281893612829,25.3700134622299
2020-06-12,24.7281893612829,23.0283539117313
2020-06-12,22.3790128211582,25.3700134622299
2020-06-12,22.3790128211582,23.0283539117313
2020-06-13,23.6122229123733,24.1045208751172
2020-06-13,23.6122229123733,22.7567957994883
2020-06-13,22.2246326046388,24.1045208751172
2020-06-13,22.2246326046388,22.7567957994883
2020-06-14,23.2756761155927,23.8940994696944
2020-06-14,23.2756761155927,23.192582437627
2020-06-14,22.6158315756023,23.8940994696944
2020-06-14,22.6158315756023,23.192582437627
2020-06-15,23.2543331897862,23.8204151566607
2020-06-15,23.2543331897862,22.9543493054256
2020-06-15,22.4460299153047,23.8204151566607
2020-06-15,22.4460299153047,22.9543493054256
2020-06-16,21.9936453566072,22.5755833495097
2020-06-16,21.9936453566072,21.5583418954639
2020-06-16,20.8456416210855,22.5755833495097
2020-06-16,20.8456416210855,21.5583418954639
2020-06-17,20.1947170347862,21.0202845176463
2020-06-17,20.1947170347862,19.5757764260711
2020-06-17,18.4495160071936,21.0202845176463
2020-06-17,18.4495160071936,19.5757764260711
2020-06-18,18.2231624512777,19.3443304684908
2020-06-18,18.2231624512777,19.0165226756606
2020-06-18,17.5042032311483,19.3443304684908
2020-06-18,17.5042032311483,19.0165226756606
2020-06-19,18.1802084558548,19.942590213679
2020-06-19,18.1802084558548,19.3465673372927
2020-06-19,17.5586540335655,19.942590213679
2020-06-19,17.5586540335655,19.3465673372927
2020-06-20,18.2521069186193,20.1852481202863
2020-06-20,18.2521069186193,19.4407298364795
2020-06-20,17.5438010199539,20.1852481202863
2020-06-20,17.5438010199539,19.4407298364795
2020-06-21,19.4421810245382,21.4003449989539
2020-06-21,19.4421810245382,20.3849220008163
2020-06-21,18.5774349509809,21.4003449989539
2020-06-21,18.5774349509809,20.3849220008163
2020-06-22,20.2004554522161,21.9455090107504
2020-06-22,20.2004554522161,21.3900232288129
2020-06-22,19.6878618111933,21.9455090107504
2020-06-22,19.6878618111933,21.3900232288129
2020-06-23,21.1873397330368,22.9221633402819
2020-06-23,21.1873397330368,21.9074315107756
2020-06-23,20.3354768085232,22.9221633402819
2020-06-23,20.3354768085232,21.9074315107756
2020-06-24,21.2660805573915,22.9302581840042
2020-06-24,21.2660805573915,21.923409578509
2020-06-24,20.5398813896589,22.9302581840042
2020-06-24,20.5398813896589,21.923409578509
2020-06-25,21.0094981912758,22.4832256501009
2020-06-25,21.0094981912758,21.65148869871
2020-06-25,20.2510139305509,22.4832256501009
2020-06-25,20.2510139305509,21.65148869871
2020-06-26,21.5650001543591,22.8463381185132
2020-06-26,21.5650001543591,21.8511823076523
2020-06-26,20.5597634657917,22.8463381185132
2020-06-26,20.5597634657917,21.8511823076523
2020-06-27,22.0379553136636,23.2777818964438
2020-06-27,22.0379553136636,22.2236934992407
2020-06-27,21.0615408578738,23.2777818964438
2020-06-27,21.0615408578738,22.2236934992407
2020-06-28,22.5594006071431,23.7592444495423
2020-06-28,22.5594006071431,23.0439181739509
2020-06-28,22.0475604985254,23.7592444495423
2020-06-28,22.0475604985254,23.0439181739509
2020-06-29,22.61988323902,23.5360587056236
2020-06-29,22.61988323902,22.8455697222261
2020-06-29,21.9019718910847,23.5360587056236
2020-06-29,21.9019718910847,22.8455697222261
2020-06-30,23.7098717237327,24.3458685625937
2020-06-30,23.7098717237327,23.593736190331
2020-06-30,22.8268438304199,24.3458685625937
2020-06-30,22.8268438304199,23.593736190331
2020-07-01,23.9749693932121,24.8708526484292
2020-07-01,23.9749693932121,24.0619421181878
2020-07-01,23.3676405886106,24.8708526484292
2020-07-01,23.3676405886106,24.0619421181878
2020-07-02,25.3539198505134,25.8889577260486
2020-07-02,25.3539198505134,24.9888296224265
2020-07-02,24.4123627047937,25.8889577260486
2020-07-02,24.4123627047937,24.9888296224265
2020-07-03,25.6949433256923,26.322779107617
2020-07-03,25.6949433256923,25.2750086733002
2020-07-03,24.7423079095684,26.322779107617
2020-07-03,24.7423079095684,25.2750086733002
2020-07-04,26.4194456705757,26.88539274264
2020-07-04,26.4194456705757,25.833378982071
2020-07-04,25.3026280080242,26.88539274264
2020-07-04,25.3026280080242,25.833378982071
2020-07-05,26.8461834740132,27.3884584413496
2020-07-05,26.8461834740132,26.3441339444693
2020-07-05,25.8762562555912,27.3884584413496
2020-07-05,25.8762562555912,26.3441339444693
2020-07-06,27.7091016876631,28.1926214751224
2020-07-06,27.7091016876631,27.017737739436
2020-07-06,26.597513521811,28.1926214751224
2020-07-06,26.597513521811,27.017737739436
2020-07-07,28.0483816670533,28.4786409358506
2020-07-07,28.0483816670533,27.3371698752483
2020-07-07,26.9720420676458,28.4786409358506
2020-07-07,26.9720420676458,27.3371698752483
2020-07-08,28.4095950293004,28.7426142402187
2020-07-08,28.4095950293004,27.8064533648259
2020-07-08,27.4850901625741,28.7426142402187
2020-07-08,27.4850901625741,27.8064533648259
2020-07-09,28.8149243843038,29.1955268720584
2020-07-09,28.8149243843038,28.1602755612374
2020-07-09,27.8677302302821,29.1955268720584
2020-07-09,27.8677302302821,28.1602755612374
2020-07-10,28.8907079371612,29.2213495698096
2020-07-10,28.8907079371612,28.2321122844685
2020-07-10,27.9725720438187,29.2213495698096
2020-07-10,27.9725720438187,28.2321122844685
2020-07-11,29.1403289545803,29.2908737118035
2020-07-11,29.1403289545803,28.1334876940275
2020-07-11,27.8952799090014,29.2908737118035
2020-07-11,27.8952799090014,28.1334876940275
2020-07-12,28.7354207961233,28.9488733980655
2020-07-12,28.7354207961233,27.6514871515597
2020-07-12,27.4592075863619,28.9488733980655
2020-07-12,27.4592075863619,27.6514871515597
2020-07-13,28.3739248478641,28.6442265661182
2020-07-13,28.3739248478641,27.3541606104582
2020-07-13,27.2026213830204,28.6442265661182
2020-07-13,27.2026213830204,27.3541606104582
2020-07-14,28.4583496626285,28.5396978646861
2020-07-14,28.4583496626285,27.2668198656282
2020-07-14,27.0681583179901,28.5396978646861
2020-07-14,27.0681583179901,27.2668198656282
2020-07-15,28.2761815777247,28.8019557739169
2020-07-15,28.2761815777247,27.4969355120917
2020-07-15,27.1719876572584,28.8019557739169
2020-07-15,27.1719876572584,27.4969355120917
2020-07-16,28.7019192998147,29.1344723684405
2020-07-16,28.7019192998147,28.3135035307844
2020-07-16,27.9298182211563,29.1344723684405
2020-07-16,27.9298182211563,28.3135035307844
2020-07-17,28.6522882080706,29.0115339979249
2020-07-17,28.6522882080706,28.3282029666173
2020-07-17,27.9944390828746,29.0115339979249
2020-07-17,27.9944390828746,28.3282029666173
2020-07-18,29.4037875223031,29.6645921380464
2020-07-18,29.4037875223031,28.3928246501354
2020-07-18,28.1492193607626,29.6645921380464
2020-07-18,28.1492193607626,28.3928246501354
2020-07-19,29.7368776319443,30.1984549903319
2020-07-19,29.7368776319443,28.8958316967036
2020-07-19,28.6574820357057,30.1984549903319
2020-07-19,28.6574820357057,28.8958316967036
2020-07-20,30.1717670602346,30.509385074185
2020-07-20,30.1717670602346,29.0237402338932
2020-07-20,28.8079031236341,30.509385074185
2020-07-20,28.8079031236341,29.0237402338932
2020-07-21,29.8276475358186,30.1601101916119
2020-07-21,29.8276475358186,28.9695654284363
2020-07-21,28.7417880230222,30.1601101916119
2020-07-21,28.7417880230222,28.9695654284363
2020-07-22,29.5523997473619,29.712088206783
2020-07-22,29.5523997473619,28.7520339026703
2020-07-22,28.530295333166,29.712088206783
2020-07-22,28.530295333166,28.7520339026703
2020-07-23,29.8350149814972,30.1692965253542
2020-07-23,29.8350149814972,28.502486382874
2020-07-23,28.1870774500306,30.1692965253542
2020-07-23,28.1870774500306,28.502486382874
2020-07-24,28.9103986070791,29.2111530493799
2020-07-24,28.9103986070791,28.0309289703865
2020-07-24,27.7140777843593,29.2111530493799
2020-07-24,27.7140777843593,28.0309289703865
2020-07-25,28.9382120469373,29.2857336378103
2020-07-25,28.9382120469373,27.7785775408041
2020-07-25,27.3632938389451,29.2857336378103
2020-07-25,27.3632938389451,27.7785775408041
2020-07-26,28.8609625293729,29.0042077052896
2020-07-26,28.8609625293729,27.625693894366
2020-07-26,27.3282194506232,29.0042077052896
2020-07-26,27.3282194506232,27.625693894366
2020-07-27,28.2886955241371,28.6039662849209
2020-07-27,28.2886955241371,27.2568916650419
2020-07-27,26.8956911045722,28.6039662849209
2020-07-27,26.8956911045722,27.2568916650419
2020-07-28,28.1524775002955,28.5601826144666
2020-07-28,28.1524775002955,27.2032628850489
2020-07-28,26.6722482758477,28.5601826144666
2020-07-28,26.6722482758477,27.2032628850489
2020-07-29,28.0077268747522,28.4986262203059
2020-07-29,28.0077268747522,27.5318903644766
2020-07-29,27.1596466839542,28.4986262203059
2020-07-29,27.1596466839542,27.5318903644766
2020-07-30,28.1335663745081,28.5649878967929
2020-07-30,28.1335663745081,27.4810403614971
2020-07-30,27.1010766619251,28.5649878967929
2020-07-30,27.1010766619251,27.4810403614971
2020-07-31,27.8595793130845,28.2679134259391
2020-07-31,27.8595793130845,27.6087800713951
2020-07-31,27.0563553023915,28.2679134259391
2020-07-31,27.0563553023915,27.6087800713951
2020-08-01,27.5738800980904,28.2598842460136
2020-08-01,27.5738800980904,27.2669250063825
2020-08-01,26.6433672169686,28.2598842460136
2020-08-01,26.6433672169686,27.2669250063825
2020-08-02,27.3925642911197,28.0594901372305
2020-08-02,27.3925642911197,26.8884293831716
2020-08-02,26.1402332371263,28.0594901372305
2020-08-02,26.1402332371263,26.8884293831716
2020-08-03,26.9242929275702,27.7292006967878
2020-08-03,26.9242929275702,26.6429460836128
2020-08-03,25.8573926911811,27.7292006967878
2020-08-03,25.8573926911811,26.6429460836128
2020-08-04,25.9244756229844,26.6766312279815
2020-08-04,25.9244756229844,25.5410317931556
2020-08-04,24.6318860292991,26.6766312279815
2020-08-04,24.6318860292991,25.5410317931556
2020-08-05,26.0520905052234,26.8723164832179
2020-08-05,26.0520905052234,25.6671829303888
2020-08-05,24.7468914994694,26.8723164832179
2020-08-05,24.7468914994694,25.6671829303888
2020-08-06,25.9217906786575,26.8556444363827
2020-08-06,25.9217906786575,26.0230898257995
2020-08-06,25.1554271889143,26.8556444363827
2020-08-06,25.1554271889143,26.0230898257995
2020-08-07,26.2196811606603,27.0878237563184
2020-08-07,26.2196811606603,26.1538497970855
2020-08-07,25.3359710843729,27.0878237563184
2020-08-07,25.3359710843729,26.1538497970855
2020-08-08,26.5243569064272,27.61307201714
2020-08-08,26.5243569064272,26.4068946940728
2020-08-08,25.4827396985373,27.61307201714
2020-08-08,25.4827396985373,26.4068946940728
2020-08-09,26.8183881413932,27.7897049588759
2020-08-09,26.8183881413932,26.8140636034859
2020-08-09,25.91105810811,27.7897049588759
2020-08-09,25.91105810811,26.8140636034859
2020-08-10,27.5376964664718,28.2966459970244
2020-08-10,27.5376964664718,26.8704057462626
2020-08-10,26.0734667661017,28.2966459970244
2020-08-10,26.0734667661017,26.8704057462626
2020-08-11,27.264518231318,28.0667627826336
2020-08-11,27.264518231318,27.201032044332
2020-08-11,26.2691875787838,28.0667627826336
2020-08-11,26.2691875787838,27.201032044332
2020-08-12,27.7585075394231,29.2349192864777
2020-08-12,27.7585075394231,28.1527272171877
2020-08-12,27.0032696618115,29.2349192864777
2020-08-12,27.0032696618115,28.1527272171877
2020-08-13,27.7980736602946,29.1445318167039
2020-08-13,27.7980736602946,28.4654429364764
2020-08-13,27.1574431814013,29.1445318167039
2020-08-13,27.1574431814013,28.4654429364764
2020-08-14,27.6668747373869,29.0692144997051
2020-08-14,27.6668747373869,28.4244029175025
2020-08-14,27.0572657920728,29.0692144997051
2020-08-14,27.0572657920728,28.4244029175025
2020-08-15,27.3983618630958,28.7687458094312
2020-08-15,27.3983618630958,27.6824226556487
2020-08-15,26.3907102394107,28.7687458094312
2020-08-15,26.3907102394107,27.6824226556487
2020-08-16,25.6475029864583,26.8869182426834
2020-08-16,25.6475029864583,25.1240068984398
2020-08-16,23.7175377969099,26.8869182426834
2020-08-16,23.7175377969099,25.1240068984398
2020-08-17,23.9159336829293,25.3113167004132
2020-08-17,23.9159336829293,24.7828526810524
2020-08-17,23.0950813687481,25.3113167004132
2020-08-17,23.0950813687481,24.7828526810524
2020-08-18,24.600503032806,25.988773220348
2020-08-18,24.600503032806,24.9201339296513
2020-08-18,23.177278697895,25.988773220348
2020-08-18,23.177278697895,24.9201339296513
2020-08-19,24.7032443218514,26.4035000773027
2020-08-19,24.7032443218514,25.3896805403805
2020-08-19,23.6510435682517,26.4035000773027
2020-08-19,23.6510435682517,25.3896805403805
2020-08-20,25.1517815942319,26.7800815441105
2020-08-20,25.1517815942319,25.7756741697796
2020-08-20,24.0974506687029,26.7800815441105
2020-08-20,24.0974506687029,25.7756741697796
2020-08-21,25.1185452128772,27.0989643367371
2020-08-21,25.1185452128772,26.389640542103
2020-08-21,24.6063533324886,27.0989643367371
2020-08-21,24.6063533324886,26.389640542103
2020-08-22,24.991138286077,26.8492716876711
2020-08-22,24.991138286077,26.3935994461904
2020-08-22,24.5827035406546,26.8492716876711
2020-08-22,24.5827035406546,26.3935994461904
2020-08-23,25.7945460359817,27.830731091035
2020-08-23,25.7945460359817,26.8488940262614
2020-08-23,25.07470490357,27.830731091035
2020-08-23,25.07470490357,26.8488940262614
2020-08-24,26.6275282305052,28.40369173696
2020-08-24,26.6275282305052,27.2576221863606
2020-08-24,25.6788064385217,28.40369173696
2020-08-24,25.6788064385217,27.2576221863606
2020-08-25,27.1940666716633,28.7938555315494
2020-08-25,27.1940666716633,27.3415801471314
2020-08-25,26.0804717794422,28.7938555315494
2020-08-25,26.0804717794422,27.3415801471314
2020-08-26,27.8809885634615,28.8125197112234
2020-08-26,27.8809885634615,27.2285526185428
2020-08-26,26.2528769120511,28.8125197112234
2020-08-26,26.2528769120511,27.2285526185428
2020-08-27,28.1825597980007,29.099126468314
2020-08-27,28.1825597980007,27.6599408449984
2020-08-27,26.8937712365345,29.099126468314
2020-08-27,26.8937712365345,27.6599408449984
2020-08-28,28.145344609184,28.7109763816171
2020-08-28,28.145344609184,27.795572314077
2020-08-28,27.1922828889016,28.7109763816171
2020-08-28,27.1922828889016,27.795572314077
2020-08-29,28.4762175402584,28.9672627333789
2020-08-29,28.4762175402584,28.4572001694245
2020-08-29,28.0143400036454,28.9672627333789
2020-08-29,28.0143400036454,28.4572001694245
2020-08-30,28.610272747152,29.0057517659078
2020-08-30,28.610272747152,27.8452128179503
2020-08-30,27.413962474998,29.0057517659078
2020-08-30,27.413962474998,27.8452128179503
2020-08-31,28.4753881621959,28.971835725157
2020-08-31,28.4753881621959,28.0241418519889
2020-08-31,27.6365811721153,28.971835725157
2020-08-31,27.6365811721153,28.0241418519889
2020-09-01,27.0496072915478,27.5698318556778
2020-09-01,27.0496072915478,26.5189445768311
2020-09-01,25.7124635613754,27.5698318556778
2020-09-01,25.7124635613754,26.5189445768311
2020-09-02,25.5086837699759,26.3939964987904
2020-09-02,25.5086837699759,25.9300049655855
2020-09-02,24.7976189972276,26.3939964987904
2020-09-02,24.7976189972276,25.9300049655855
2020-09-03,25.9333856500783,27.357951643296
2020-09-03,25.9333856500783,26.4675556487418
2020-09-03,24.9997020198155,27.357951643296
2020-09-03,24.9997020198155,26.4675556487418
2020-09-04,26.2267757094858,27.4842855955119
2020-09-04,26.2267757094858,26.7854052218057
2020-09-04,25.0897278405413,27.4842855955119
2020-09-04,25.0897278405413,26.7854052218057
2020-09-05,26.1349101754446,28.1476767869762
2020-09-05,26.1349101754446,26.2969256931674
2020-09-05,24.2602099090697,28.1476767869762
2020-09-05,24.2602099090697,26.2969256931674
2020-09-06,25.2599977022156,27.2040416429236
2020-09-06,25.2599977022156,25.6788573771675
2020-09-06,23.8181012849499,27.2040416429236
2020-09-06,23.8181012849499,25.6788573771675
2020-09-07,24.9130633710951,26.6013910484836
2020-09-07,24.9130633710951,25.5042605170477
2020-09-07,23.9411108559788,26.6013910484836
2020-09-07,23.9411108559788,25.5042605170477
2020-09-08,25.3997807789276,26.5893994922875
2020-09-08,25.3997807789276,25.432509408042
2020-09-08,24.1852528729545,26.5893994922875
2020-09-08,24.1852528729545,25.432509408042
2020-09-09,25.357094396394,26.7082420041895
2020-09-09,25.357094396394,26.006254792027
2020-09-09,24.9328390086695,26.7082420041895
2020-09-09,24.9328390086695,26.006254792027
2020-09-10,25.4082025870284,26.4626759042041
2020-09-10,25.4082025870284,26.0011509153108
2020-09-10,25.0982614472481,26.4626759042041
2020-09-10,25.0982614472481,26.0011509153108
2020-09-11,25.8882946889666,26.821372704742
2020-09-11,25.8882946889666,25.9989962150967
2020-09-11,25.24901327216,26.821372704742
2020-09-11,25.24901327216,25.9989962150967
2020-09-12,26.0306705132904,26.7451851056963
2020-09-12,26.0306705132904,26.0450733081864
2020-09-12,25.449958665571,26.7451851056963
2020-09-12,25.449958665571,26.0450733081864
2020-09-13,25.5579558441996,26.1281015455846
2020-09-13,25.5579558441996,25.6594341318783
2020-09-13,24.9506392008833,26.1281015455846
2020-09-13,24.9506392008833,25.6594341318783
2020-09-14,26.0243600252882,26.5592684575829
2020-09-14,26.0243600252882,25.7158968379533
2020-09-14,25.1321631055409,26.5592684575829
2020-09-14,25.1321631055409,25.7158968379533
2020-09-15,25.9866534531558,26.4312171928005
2020-09-15,25.9866534531558,25.6047326378597
2020-09-15,25.0256384102447,26.4312171928005
2020-09-15,25.0256384102447,25.6047326378597
2020-09-16,25.220131053589,25.8081170864593
2020-09-16,25.220131053589,24.4721001027784
2020-09-16,23.7328730691751,25.8081170864593
2020-09-16,23.7328730691751,24.4721001027784
2020-09-17,23.9171955622706,24.6421644881516
2020-09-17,23.9171955622706,24.0102848891657
2020-09-17,23.3114405911885,24.6421644881516
2020-09-17,23.3114405911885,24.0102848891657
2020-09-18,23.2263885721366,23.8731528702714
2020-09-18,23.2263885721366,23.3082361431324
2020-09-18,22.6894780629282,23.8731528702714
2020-09-18,22.6894780629282,23.3082361431324
2020-09-19,23.1104136858021,23.7040073941581
2020-09-19,23.1104136858021,22.6659854202658
2020-09-19,22.0963769212546,23.7040073941581
2020-09-19,22.0963769212546,22.6659854202658
2020-09-20,22.3853106326423,22.9289097659083
2020-09-20,22.3853106326423,22.0099951453448
2020-09-20,21.4806379679732,22.9289097659083
2020-09-20,21.4806379679732,22.0099951453448
2020-09-21,22.2075709088187,22.7785452424591
2020-09-21,22.2075709088187,21.7281091284085
2020-09-21,21.2502128186971,22.7785452424591
2020-09-21,21.2502128186971,21.7281091284085
2020-09-22,22.0649877931474,22.3834328160318
2020-09-22,22.0649877931474,21.3669396150528
2020-09-22,20.963834375078,22.3834328160318
2020-09-22,20.963834375078,21.3669396150528
2020-09-23,21.8714271681647,22.2156811844835
2020-09-23,21.8714271681647,21.1806700779974
2020-09-23,20.8440303027043,22.2156811844835
2020-09-23,20.8440303027043,21.1806700779974
2020-09-24,21.9495690990657,22.3074915227496
2020-09-24,21.9495690990657,21.3824187135621
2020-09-24,21.1090557581539,22.3074915227496
2020-09-24,21.1090557581539,21.3824187135621
2020-09-25,21.4122317406805,21.6850647557574
2020-09-25,21.4122317406805,21.4276999090163
2020-09-25,21.19372172877,21.6850647557574
2020-09-25,21.19372172877,21.4276999090163
2020-09-26,21.1383914066139,21.3542079072137
2020-09-26,21.1383914066139,21.0880708457979
2020-09-26,20.8318721394654,21.3542079072137
2020-09-26,20.8318721394654,21.0880708457979
2020-09-27,21.7264200115908,22.0497722042091
2020-09-27,21.7264200115908,21.1498553870521
2020-09-27,20.8109593171878,22.0497722042091
2020-09-27,20.8109593171878,21.1498553870521
2020-09-28,21.8222268038465,22.126804701458
2020-09-28,21.8222268038465,21.3017483745224
2020-09-28,20.9806610239589,22.126804701458
2020-09-28,20.9806610239589,21.3017483745224
2020-09-29,21.8024012911871,22.1149431955094
2020-09-29,21.8024012911871,21.65164412028
2020-09-29,21.3819580483459,22.1149431955094
2020-09-29,21.3819580483459,21.65164412028
2020-09-30,19.6274810263296,20.5007254400526
2020-09-30,19.6274810263296,19.919239259188
2020-09-30,18.7799123078439,20.5007254400526
2020-09-30,18.7799123078439,19.919239259188
2020-10-01,19.5540411577392,20.7698555926567
2020-10-01,19.5540411577392,19.7266642912608
2020-10-01,18.3479130689304,20.7698555926567
2020-10-01,18.3479130689304,19.7266642912608
2020-10-02,19.1826193393077,20.3783135801201
2020-10-02,19.1826193393077,19.3667103713297
2020-10-02,18.1215261090778,20.3783135801201
2020-10-02,18.1215261090778,19.3667103713297
2020-10-03,18.8066274528327,19.878794056501
2020-10-03,18.8066274528327,18.365307575829
2020-10-03,17.2084241951815,19.878794056501
2020-10-03,17.2084241951815,18.365307575829
2020-10-04,18.1043628730749,19.1574831378033
2020-10-04,18.1043628730749,18.1828695926847
2020-10-04,17.1007622782828,19.1574831378033
2020-10-04,17.1007622782828,18.1828695926847
2020-10-05,18.2509349752346,19.0629395300854
2020-10-05,18.2509349752346,18.2120979302233
2020-10-05,17.2526673823866,19.0629395300854
2020-10-05,17.2526673823866,18.2120979302233
2020-10-06,17.8612710365538,18.7046367314683
2020-10-06,17.8612710365538,17.8778703398623
2020-10-06,16.9814894750334,18.7046367314683
2020-10-06,16.9814894750334,17.8778703398623
2020-10-07,18.198805699442,19.19158546392
2020-10-07,18.198805699442,18.3666924902102
2020-10-07,17.5751687624201,19.19158546392
2020-10-07,17.5751687624201,18.3666924902102
2020-10-08,19.120308671441,19.5180479038276
2020-10-08,19.120308671441,18.9036446579402
2020-10-08,18.354985218773,19.5180479038276
2020-10-08,18.354985218773,18.9036446579402
2020-10-09,19.3979945451004,19.8039902862478
2020-10-09,19.3979945451004,18.9276337478346
2020-10-09,18.3460222923058,19.8039902862478
2020-10-09,18.3460222923058,18.9276337478346
2020-10-10,19.0048141363228,19.4133600700309
2020-10-10,19.0048141363228,19.2203209334444
2020-10-10,18.7315745309093,19.4133600700309
2020-10-10,18.7315745309093,19.2203209334444
2020-10-11,19.0768930953683,19.5027507908731
2020-10-11,19.0768930953683,19.3829496620426
2020-10-11,18.9630090992644,19.5027507908731
2020-10-11,18.9630090992644,19.3829496620426
2020-10-12,19.1639915042499,19.5430194726472
2020-10-12,19.1639915042499,19.434816569283
2020-10-12,18.8071145715584,19.5430194726472
2020-10-12,18.8071145715584,19.434816569283
2020-10-13,19.0850546081617,19.8444253890124
2020-10-13,19.0850546081617,19.6943188232319
2020-10-13,18.6813291442381,19.8444253890124
2020-10-13,18.6813291442381,19.6943188232319
2020-10-14,19.3941004820721,20.3208343270641
2020-10-14,19.3941004820721,18.2776968904817
2020-10-14,16.8392861641362,20.3208343270641
2020-10-14,16.8392861641362,18.2776968904817
2020-10-15,17.6879033985059,19.3112851577435
2020-10-15,17.6879033985059,18.3255279484758
2020-10-15,16.9769980390081,19.3112851577435
2020-10-15,16.9769980390081,18.3255279484758
2020-10-16,17.8956237020034,19.3638349049815
2020-10-16,17.8956237020034,17.9809025285623
2020-10-16,16.75685562103,19.3638349049815
2020-10-16,16.75685562103,17.9809025285623
2020-10-17,16.6283069293576,17.7831635130132
2020-10-17,16.6283069293576,16.9466393150957
2020-10-17,15.776844098454,17.7831635130132
2020-10-17,15.776844098454,16.9466393150957
2020-10-18,16.1052279309415,17.2293181313018
2020-10-18,16.1052279309415,16.6849535056917
2020-10-18,15.5636536920092,17.2293181313018
2020-10-18,15.5636536920092,16.6849535056917
2020-10-19,16.0854964579766,17.1571605005839
2020-10-19,16.0854964579766,16.5817685607259
2020-10-19,15.5744625873151,17.1571605005839
2020-10-19,15.5744625873151,16.5817685607259
2020-10-20,16.3691216939268,17.3133312487332
2020-10-20,16.3691216939268,16.7721538889894
2020-10-20,15.9171700318822,17.3133312487332
2020-10-20,15.9171700318822,16.7721538889894
2020-10-21,17.1482663649305,18.0121161740888
2020-10-21,17.1482663649305,17.1661412407133
2020-10-21,16.429350502032,18.0121161740888
2020-10-21,16.429350502032,17.1661412407133
2020-10-22,17.6207929741037,18.3121466165138
2020-10-22,17.6207929741037,17.6900680074595
2020-10-22,17.0569709031267,18.3121466165138
2020-10-22,17.0569709031267,17.6900680074595
2020-10-23,18.5001756209628,19.0982629732661
2020-10-23,18.5001756209628,18.2331609045013
2020-10-23,17.6540130306997,19.0982629732661
2020-10-23,17.6540130306997,18.2331609045013
2020-10-24,18.7320473415676,19.5133857316812
2020-10-24,18.7320473415676,18.6805791876976
2020-10-24,18.1514604403776,19.5133857316812
2020-10-24,18.1514604403776,18.6805791876976
2020-10-25,18.9939743379472,19.4696268816753
2020-10-25,18.9939743379472,18.9530192044244
2020-10-25,18.5267984201953,19.4696268816753
2020-10-25,18.5267984201953,18.9530192044244
2020-10-26,18.2005556441873,18.600403409339
2020-10-26,18.2005556441873,18.0778934806627
2020-10-26,17.6171887455011,18.600403409339
2020-10-26,17.6171887455011,18.0778934806627
2020-10-27,18.4572782848302,18.7991374629185
2020-10-27,18.4572782848302,18.0516769105135
2020-10-27,17.6191150676607,18.7991374629185
2020-10-27,17.6191150676607,18.0516769105135
2020-10-28,17.8791552112242,18.2458708539237
2020-10-28,17.8791552112242,17.7202795244472
2020-10-28,17.330309847065,18.2458708539237
2020-10-28,17.330309847065,17.7202795244472
2020-10-29,17.5769717668039,17.9488944700457
2020-10-29,17.5769717668039,17.8579624080241
2020-10-29,17.5660945473709,17.9488944700457
2020-10-29,17.5660945473709,17.8579624080241
2020-10-30,17.9570440108124,18.8327745890528
2020-10-30,17.9570440108124,18.2517599210365
2020-10-30,16.6284577477967,18.8327745890528
2020-10-30,16.6284577477967,18.2517599210365
2020-10-31,16.0558740045638,17.935131476981800
2020-10-31,16.0558740045638,16.4878038063732
2020-10-31,14.6647097815261,17.935131476981800
2020-10-31,14.6647097815261,16.4878038063732
2020-11-01,14.7598220104194,16.4231998815553
2020-11-01,14.7598220104194,15.7444040174418
2020-11-01,14.2384436605049,16.4231998815553
2020-11-01,14.2384436605049,15.7444040174418
2020-11-02,14.4442730618342,15.8543148077562
2020-11-02,14.4442730618342,14.125756751393
2020-11-02,12.8205566302838,15.8543148077562
2020-11-02,12.8205566302838,14.125756751393
2020-11-03,12.7199150790096,13.9498585167964
2020-11-03,12.7199150790096,12.64616802179
2020-11-03,11.4317217689157,13.9498585167964
2020-11-03,11.4317217689157,12.64616802179
2020-11-04,11.6436936005228,12.8311372371157
2020-11-04,11.6436936005228,12.2481073962424
2020-11-04,11.0500393427368,12.8311372371157
2020-11-04,11.0500393427368,12.2481073962424
2020-11-05,11.6743600927884,12.7823865085106
2020-11-05,11.6743600927884,12.1822560536983
2020-11-05,11.0871641896901,12.7823865085106
2020-11-05,11.0871641896901,12.1822560536983
2020-11-06,11.7504426373649,12.7754125821849
2020-11-06,11.7504426373649,12.3006004628209
2020-11-06,11.2667006387163,12.7754125821849
2020-11-06,11.2667006387163,12.3006004628209
2020-11-07,11.9632955449516,13.0207905118194
2020-11-07,11.9632955449516,12.4333896496603
2020-11-07,11.3859892465735,13.0207905118194
2020-11-07,11.3859892465735,12.4333896496603
2020-11-08,12.3161491706596,13.5570350174988
2020-11-08,12.3161491706596,12.964624808213
2020-11-08,11.9132549291259,13.5570350174988
2020-11-08,11.9132549291259,12.964624808213
2020-11-09,12.7963797138071,14.2083538904151
2020-11-09,12.7963797138071,13.6608515855023
2020-11-09,12.4865535393868,14.2083538904151
2020-11-09,12.4865535393868,13.6608515855023
2020-11-10,13.3236292155985,14.5507779983516
2020-11-10,13.3236292155985,14.68769078337
2020-11-10,13.4090073149468,14.5507779983516
2020-11-10,13.4090073149468,14.68769078337
2020-11-11,14.3139028144932,15.6889506082677
2020-11-11,14.3139028144932,15.8838053552933
2020-11-11,14.5010467170963,15.6889506082677
2020-11-11,14.5010467170963,15.8838053552933
2020-11-12,14.7365301139461,17.7479887240365
2020-11-12,14.7365301139461,17.6602096885121
2020-11-12,14.767507940833700,17.7479887240365
2020-11-12,14.767507940833700,17.6602096885121
2020-11-13,14.72081677528,17.2682949708293
2020-11-13,14.72081677528,16.9947210647917
2020-11-13,14.3163535757546,17.2682949708293
2020-11-13,14.3163535757546,16.9947210647917
2020-11-14,14.5959575492291,17.140950416715
2020-11-14,14.5959575492291,16.162637659636
2020-11-14,13.6102861391417,17.140950416715
2020-11-14,13.6102861391417,16.162637659636
2020-11-15,13.7910645355038,16.2123334617603
2020-11-15,13.7910645355038,15.6826654310928
2020-11-15,13.3059543040086,16.2123334617603
2020-11-15,13.3059543040086,15.6826654310928
2020-11-16,13.2175135021682,15.3855885160862
2020-11-16,13.2175135021682,14.4502749686641
2020-11-16,12.4274312999595,15.3855885160862
2020-11-16,12.4274312999595,14.4502749686641
2020-11-17,12.3835890559838,14.293032171614100
2020-11-17,12.3835890559838,13.6385099356805
2020-11-17,11.6964392211807,14.293032171614100
2020-11-17,11.6964392211807,13.6385099356805
2020-11-18,11.4718006527061,13.2817993458475
2020-11-18,11.4718006527061,12.3494414373085
2020-11-18,10.6431693082184,13.2817993458475
2020-11-18,10.6431693082184,12.3494414373085
2020-11-19,10.5792053422433,12.1961211392741
2020-11-19,10.5792053422433,11.6556045972704
2020-11-19,10.0713352320545,12.1961211392741
2020-11-19,10.0713352320545,11.6556045972704
2020-11-20,10.3398544405146,11.8210688627032
2020-11-20,10.3398544405146,11.3056149503995
2020-11-20,9.87751861258154,11.8210688627032
2020-11-20,9.87751861258154,11.3056149503995
2020-11-21,10.3238613581504,11.6508245437925
2020-11-21,10.3238613581504,11.2419954020191
2020-11-21,9.9517222311389,11.6508245437925
2020-11-21,9.9517222311389,11.2419954020191
2020-11-22,10.8211123677491,11.9623036974699
2020-11-22,10.8211123677491,11.5813273750645
2020-11-22,10.4825823637865,11.9623036974699
2020-11-22,10.4825823637865,11.5813273750645
2020-11-23,10.8860036628867,11.8735684442445
2020-11-23,10.8860036628867,11.7365453768926
2020-11-23,10.7960693459679,11.8735684442445
2020-11-23,10.7960693459679,11.7365453768926
2020-11-24,10.6667582704291,11.552877460471
2020-11-24,10.6667582704291,11.2060930077931
2020-11-24,10.2169839250373,11.552877460471
2020-11-24,10.2169839250373,11.2060930077931
2020-11-25,10.3779138182113,11.3091678812038
2020-11-25,10.3779138182113,11.0749745297591
2020-11-25,10.0879780732644,11.3091678812038
2020-11-25,10.0879780732644,11.0749745297591
2020-11-26,10.230128091313,11.1604226710965
2020-11-26,10.230128091313,11.1925301614939
2020-11-26,10.2882803496444,11.1604226710965
2020-11-26,10.2882803496444,11.1925301614939
2020-11-27,10.9462575922829,11.741523162589
2020-11-27,10.9462575922829,11.311388910953
2020-11-27,10.5097213307354,11.741523162589
2020-11-27,10.5097213307354,11.311388910953
2020-11-28,10.9101447707248,11.6592182037261
2020-11-28,10.9101447707248,11.3028268599701
2020-11-28,10.6040922710892,11.6592182037261
2020-11-28,10.6040922710892,11.3028268599701
2020-11-29,10.8454559725999,11.5076597596721
2020-11-29,10.8454559725999,11.0844537372926
2020-11-29,10.4799041920181,11.5076597596721
2020-11-29,10.4799041920181,11.0844537372926
2020-11-30,10.6473297588494,11.230934100984
2020-11-30,10.6473297588494,11.1537580402608
2020-11-30,10.6283544419216,11.230934100984
2020-11-30,10.6283544419216,11.1537580402608
2020-12-01,10.7018854553364,11.187019157213
2020-12-01,10.7018854553364,10.4631906595468
2020-12-01,10.0954025100309,11.187019157213
2020-12-01,10.0954025100309,10.4631906595468
2020-12-02,9.75505053758645,10.1359013282852
2020-12-02,9.75505053758645,9.47640733644749
2020-12-02,8.75779034297294,10.1359013282852
2020-12-02,8.75779034297294,9.47640733644749
2020-12-03,8.48279308877758,9.31882256990587
2020-12-03,8.48279308877758,8.40533385100272
2020-12-03,6.33975361874857,9.31882256990587
2020-12-03,6.33975361874857,8.40533385100272
2020-12-04,2.77039965934179,8.66227724136905
2020-12-04,2.77039965934179,8.44963771708832
2020-12-04,6.12123105419394,8.66227724136905
2020-12-04,6.12123105419394,8.44963771708832
2020-12-05,6.50967455256661,8.62292988933048
2020-12-05,6.50967455256661,8.22847869415594
2020-12-05,6.44872624072921,8.62292988933048
2020-12-05,6.44872624072921,8.22847869415594
2020-12-06,6.49851718077873,8.18897129143372
2020-12-06,6.49851718077873,7.82808069334478
2020-12-06,6.08103758779524,8.18897129143372
2020-12-06,6.08103758779524,7.82808069334478
2020-12-07,2.23534832637119,8.04117404614766
2020-12-07,2.23534832637119,7.80377488542197
2020-12-07,5.12159663540326,8.04117404614766
2020-12-07,5.12159663540326,7.80377488542197
2020-12-08,1.06732527624755,7.73217376514522
2020-12-08,1.06732527624755,6.83691595671642
2020-12-08,4.40052743810267,7.73217376514522
2020-12-08,4.40052743810267,6.83691595671642
2020-12-09,0.0660943625989487,6.74848164891647
2020-12-09,0.0660943625989487,6.05983516785279
2020-12-09,3.99688661760358,6.74848164891647
2020-12-09,3.99688661760358,6.05983516785279
2020-12-10,3.14025039294334,6.30323846247337
2020-12-10,3.14025039294334,6.17678886020623
2020-12-10,4.15890814918142,6.30323846247337
2020-12-10,4.15890814918142,6.17678886020623
2020-12-11,3.2411495663304,6.70046549307781
2020-12-11,3.2411495663304,6.52131188710119
2020-12-11,4.64427902679335,6.70046549307781
2020-12-11,4.64427902679335,6.52131188710119
2020-12-12,4.60594679449565,7.20727054245078
2020-12-12,4.60594679449565,6.94683746711711
2020-12-12,5.22219698388206,7.20727054245078
2020-12-12,5.22219698388206,6.94683746711711
2020-12-13,5.95529260213219,7.57636225190405
2020-12-13,5.95529260213219,7.48582350053096
2020-12-13,5.93137474326613,7.57636225190405
2020-12-13,5.93137474326613,7.48582350053096
2020-12-14,6.75128350802748,8.20910253980524
2020-12-14,6.75128350802748,7.94471939369162
2020-12-14,6.63096663604987,8.20910253980524
2020-12-14,6.63096663604987,7.94471939369162
2020-12-15,6.75387654705651,7.96138719379426
2020-12-15,6.75387654705651,7.29447542391841
2020-12-15,5.90996872571566,7.96138719379426
2020-12-15,5.90996872571566,7.29447542391841
2020-12-16,0.888142296340807,7.45551993592081
2020-12-16,0.888142296340807,7.15291486043354
2020-12-16,0.782304581293195,7.45551993592081
2020-12-16,0.782304581293195,7.15291486043354
2020-12-17,-1.24627944406432,7.11103907211988
2020-12-17,-1.24627944406432,7.05717655123324
2020-12-17,-0.907739764329438,7.11103907211988
2020-12-17,-0.907739764329438,7.05717655123324
2020-12-18,-1.0893743686653,7.15710741204984
2020-12-18,-1.0893743686653,6.29233597609421
2020-12-18,-0.755727085288544,7.15710741204984
2020-12-18,-0.755727085288544,6.29233597609421
2020-12-19,-1.50209787850883,3.01425209064892
2020-12-19,-1.50209787850883,5.12501578834134
2020-12-19,-1.15384570604577,3.01425209064892
2020-12-19,-1.15384570604577,5.12501578834134
2020-12-20,-1.74166642107261,2.73599418447129
2020-12-20,-1.74166642107261,5.10231229012069
2020-12-20,-1.37867939549578,2.73599418447129
2020-12-20,-1.37867939549578,5.10231229012069
2020-12-21,-0.926379978862947,5.69212148370181
2020-12-21,-0.926379978862947,5.62735491354188
2020-12-21,-0.568961696077967,5.69212148370181
2020-12-21,-0.568961696077967,5.62735491354188
2020-12-22,-0.12148244474237,6.13074066361573
2020-12-22,-0.12148244474237,5.8872454547678
2020-12-22,0.311614797443791,6.13074066361573
2020-12-22,0.311614797443791,5.8872454547678
2020-12-23,0.409142578226852,6.15991039968496
2020-12-23,0.409142578226852,5.95922395818171
2020-12-23,0.0910777281286687,6.15991039968496
2020-12-23,0.0910777281286687,5.95922395818171
2020-12-24,4.39287154035416,6.21465363782835
2020-12-24,4.39287154035416,6.20940297955544
2020-12-24,4.4859991417907,6.21465363782835
2020-12-24,4.4859991417907,6.20940297955544
2020-12-25,1.99365776706327,6.48431501486022
2020-12-25,1.99365776706327,6.1385198909246
2020-12-25,4.40093433185024,6.48431501486022
2020-12-25,4.40093433185024,6.1385198909246
2020-12-26,-2.26902900138964,1.21261723102547
2020-12-26,-2.26902900138964,4.92075068203885
2020-12-26,1.54293628102796,1.21261723102547
2020-12-26,1.54293628102796,4.92075068203885
2020-12-27,-3.00309516298882,1.81484013784456
2020-12-27,-3.00309516298882,4.34124520691867
2020-12-27,0.876144280707163,1.81484013784456
2020-12-27,0.876144280707163,4.34124520691867
2020-12-28,-1.15099106554853,2.74688492521709
2020-12-28,-1.15099106554853,3.25678950694371
2020-12-28,0.241254325281122,2.74688492521709
2020-12-28,0.241254325281122,3.25678950694371
2020-12-29,4.19208386641043,4.83984471572613
2020-12-29,4.19208386641043,4.70583027983453
2020-12-29,2.75533643807445,4.83984471572613
2020-12-29,2.75533643807445,4.70583027983453
2020-12-30,4.38320353098922,5.02335780137447
2020-12-30,4.38320353098922,4.83634854838022
2020-12-30,4.66431512041964,5.02335780137447
2020-12-30,4.66431512041964,4.83634854838022
2020-12-31,4.66922749870502,5.17686265520975
2020-12-31,4.66922749870502,5.15933229270558
2020-12-31,4.64384427345895,5.17686265520975
2020-12-31,4.64384427345895,5.15933229270558